participant_id,ad_group
P00001,Control
P00002,Ad_Reason
P00003,Control
P00004,Control
P00005,Ad_Reason
P00006,Ad_Reason
P00007,Control
P00008,Ad_Emotion
P00009,Control
P00010,Control
P00011,Control
P00012,Control
P00013,Ad_Reason
P00014,Control
P00015,Ad_Emotion
P00016,Ad_Reason
P00017,Ad_Emotion
P00018,Ad_Emotion
P00019,Ad_Emotion
P00020,Ad_Emotion
P00021,Ad_Reason
P00022,Ad_Reason
P00023,Ad_Emotion
P00024,Ad_Emotion
P00025,Ad_Reason
P00026,Ad_Reason
P00027,Ad_Reason
P00028,Control
P00029,Control
P00030,Control
P00031,Ad_Emotion
P00032,Control
P00033,Ad_Emotion
P00034,Ad_Emotion
P00035,Control
P00036,Ad_Emotion
P00037,Control
P00038,Control
P00039,Ad_Reason
P00040,Control
P00041,Ad_Reason
P00042,Control
P00043,Control
P00044,Ad_Reason
P00045,Ad_Reason
P00046,Control
P00047,Ad_Emotion
P00048,Ad_Reason
P00049,Ad_Emotion
P00050,Ad_Emotion
P00051,Ad_Emotion
P00052,Ad_Reason
P00053,Ad_Emotion
P00054,Ad_Reason
P00055,Ad_Emotion
P00056,Control
P00057,Control
P00058,Ad_Reason
P00059,Control
P00060,Control
P00061,Ad_Emotion
P00062,Ad_Reason
P00063,Ad_Emotion
P00064,Ad_Emotion
P00065,Ad_Emotion
P00066,Ad_Emotion
P00067,Ad_Emotion
P00068,Ad_Emotion
P00069,Ad_Emotion
P00070,Ad_Reason
P00071,Control
P00072,Ad_Emotion
P00073,Ad_Emotion
P00074,Ad_Emotion
P00075,Ad_Emotion
P00076,Ad_Emotion
P00077,Ad_Emotion
P00078,Control
P00079,Control
P00080,Ad_Emotion
P00081,Control
P00082,Ad_Reason
P00083,Ad_Emotion
P00084,Ad_Reason
P00085,Ad_Reason
P00086,Ad_Emotion
P00087,Control
P00088,Ad_Reason
P00089,Ad_Emotion
P00090,Ad_Reason
P00091,Ad_Reason
P00092,Ad_Reason
P00093,Ad_Reason
P00094,Control
P00095,Ad_Reason
P00096,Ad_Reason
P00097,Ad_Reason
P00098,Control
P00099,Ad_Reason
P00100,Ad_Reason
P00101,Control
P00102,Control
P00103,Control
P00104,Ad_Reason
P00105,Control
P00106,Control
P00107,Ad_Reason
P00108,Control
P00109,Ad_Reason
P00110,Ad_Emotion
P00111,Control
P00112,Ad_Emotion
P00113,Ad_Reason
P00114,Control
P00115,Ad_Reason
P00116,Ad_Emotion
P00117,Ad_Reason
P00118,Control
P00119,Control
P00120,Ad_Emotion
P00121,Ad_Reason
P00122,Control
P00123,Ad_Emotion
P00124,Control
P00125,Control
P00126,Ad_Reason
P00127,Control
P00128,Ad_Reason
P00129,Control
P00130,Ad_Emotion
P00131,Control
P00132,Ad_Reason
P00133,Ad_Reason
P00134,Ad_Emotion
P00135,Control
P00136,Control
P00137,Ad_Emotion
P00138,Control
P00139,Control
P00140,Ad_Reason
P00141,Control
P00142,Control
P00143,Ad_Emotion
P00144,Ad_Emotion
P00145,Ad_Reason
P00146,Control
P00147,Control
P00148,Control
P00149,Ad_Reason
P00150,Ad_Reason
P00151,Ad_Emotion
P00152,Ad_Reason
P00153,Control
P00154,Control
P00155,Ad_Reason
P00156,Control
P00157,Control
P00158,Ad_Reason
P00159,Ad_Reason
P00160,Control
P00161,Control
P00162,Control
P00163,Ad_Emotion
P00164,Ad_Emotion
P00165,Ad_Emotion
P00166,Ad_Reason
P00167,Ad_Emotion
P00168,Ad_Reason
P00169,Ad_Reason
P00170,Ad_Emotion
P00171,Ad_Emotion
P00172,Ad_Emotion
P00173,Control
P00174,Ad_Emotion
P00175,Control
P00176,Ad_Reason
P00177,Control
P00178,Ad_Emotion
P00179,Ad_Reason
P00180,Ad_Reason
P00181,Ad_Reason
P00182,Control
P00183,Ad_Emotion
P00184,Ad_Reason
P00185,Ad_Reason
P00186,Ad_Reason
P00187,Control
P00188,Control
P00189,Ad_Emotion
P00190,Control
P00191,Ad_Reason
P00192,Ad_Emotion
P00193,Ad_Reason
P00194,Ad_Reason
P00195,Control
P00196,Ad_Emotion
P00197,Control
P00198,Control
P00199,Ad_Emotion
P00200,Ad_Reason
P00201,Ad_Reason
P00202,Ad_Emotion
P00203,Ad_Reason
P00204,Ad_Emotion
P00205,Ad_Emotion
P00206,Control
P00207,Ad_Emotion
P00208,Control
P00209,Ad_Reason
P00210,Ad_Reason
P00211,Ad_Reason
P00212,Ad_Reason
P00213,Control
P00214,Ad_Reason
P00215,Ad_Emotion
P00216,Ad_Emotion
P00217,Ad_Emotion
P00218,Control
P00219,Ad_Reason
P00220,Ad_Reason
P00221,Ad_Reason
P00222,Control
P00223,Ad_Emotion
P00224,Ad_Emotion
P00225,Ad_Reason
P00226,Ad_Emotion
P00227,Ad_Emotion
P00228,Control
P00229,Control
P00230,Control
P00231,Control
P00232,Ad_Reason
P00233,Control
P00234,Ad_Emotion
P00235,Ad_Reason
P00236,Ad_Emotion
P00237,Ad_Emotion
P00238,Ad_Emotion
P00239,Control
P00240,Control
P00241,Ad_Reason
P00242,Ad_Reason
P00243,Control
P00244,Ad_Emotion
P00245,Ad_Reason
P00246,Control
P00247,Control
P00248,Control
P00249,Ad_Emotion
P00250,Control
P00251,Control
P00252,Control
P00253,Control
P00254,Ad_Reason
P00255,Ad_Reason
P00256,Control
P00257,Ad_Emotion
P00258,Ad_Reason
P00259,Control
P00260,Ad_Reason
P00261,Ad_Reason
P00262,Ad_Emotion
P00263,Control
P00264,Control
P00265,Ad_Emotion
P00266,Ad_Emotion
P00267,Control
P00268,Control
P00269,Ad_Emotion
P00270,Ad_Reason
P00271,Ad_Reason
P00272,Ad_Emotion
P00273,Ad_Reason
P00274,Ad_Emotion
P00275,Ad_Reason
P00276,Ad_Reason
P00277,Control
P00278,Control
P00279,Ad_Reason
P00280,Ad_Reason
P00281,Control
P00282,Control
P00283,Control
P00284,Ad_Emotion
P00285,Ad_Reason
P00286,Control
P00287,Ad_Reason
P00288,Ad_Emotion
P00289,Ad_Emotion
P00290,Control
P00291,Ad_Emotion
P00292,Ad_Reason
P00293,Control
P00294,Ad_Reason
P00295,Ad_Reason
P00296,Ad_Emotion
P00297,Ad_Emotion
P00298,Ad_Emotion
P00299,Ad_Emotion
P00300,Ad_Emotion
P00301,Control
P00302,Ad_Reason
P00303,Ad_Reason
P00304,Ad_Reason
P00305,Ad_Reason
P00306,Ad_Emotion
P00307,Ad_Reason
P00308,Control
P00309,Control
P00310,Ad_Reason
P00311,Ad_Reason
P00312,Control
P00313,Control
P00314,Ad_Emotion
P00315,Control
P00316,Ad_Emotion
P00317,Ad_Emotion
P00318,Ad_Emotion
P00319,Ad_Emotion
P00320,Ad_Emotion
P00321,Ad_Reason
P00322,Control
P00323,Ad_Emotion
P00324,Control
P00325,Control
P00326,Ad_Emotion
P00327,Ad_Reason
P00328,Ad_Emotion
P00329,Ad_Reason
P00330,Control
P00331,Ad_Reason
P00332,Ad_Reason
P00333,Ad_Reason
P00334,Control
P00335,Control
P00336,Ad_Reason
P00337,Ad_Reason
P00338,Ad_Emotion
P00339,Ad_Reason
P00340,Ad_Emotion
P00341,Ad_Reason
P00342,Ad_Emotion
P00343,Control
P00344,Ad_Reason
P00345,Ad_Reason
P00346,Ad_Reason
P00347,Ad_Reason
P00348,Ad_Emotion
P00349,Ad_Reason
P00350,Control
P00351,Control
P00352,Ad_Reason
P00353,Control
P00354,Ad_Reason
P00355,Ad_Reason
P00356,Control
P00357,Ad_Reason
P00358,Control
P00359,Ad_Emotion
P00360,Ad_Reason
P00361,Ad_Emotion
P00362,Control
P00363,Ad_Emotion
P00364,Ad_Emotion
P00365,Control
P00366,Ad_Emotion
P00367,Ad_Emotion
P00368,Control
P00369,Ad_Emotion
P00370,Control
P00371,Ad_Emotion
P00372,Control
P00373,Control
P00374,Ad_Emotion
P00375,Ad_Emotion
P00376,Ad_Emotion
P00377,Ad_Reason
P00378,Ad_Reason
P00379,Ad_Reason
P00380,Control
P00381,Ad_Emotion
P00382,Control
P00383,Ad_Reason
P00384,Ad_Emotion
P00385,Control
P00386,Ad_Emotion
P00387,Control
P00388,Ad_Emotion
P00389,Ad_Reason
P00390,Ad_Reason
P00391,Ad_Emotion
P00392,Control
P00393,Ad_Reason
P00394,Ad_Reason
P00395,Ad_Reason
P00396,Ad_Emotion
P00397,Ad_Emotion
P00398,Control
P00399,Control
P00400,Control
P00401,Ad_Emotion
P00402,Ad_Emotion
P00403,Control
P00404,Control
P00405,Ad_Emotion
P00406,Control
P00407,Ad_Reason
P00408,Ad_Emotion
P00409,Control
P00410,Ad_Emotion
P00411,Ad_Reason
P00412,Ad_Emotion
P00413,Ad_Emotion
P00414,Ad_Emotion
P00415,Ad_Emotion
P00416,Ad_Reason
P00417,Ad_Emotion
P00418,Ad_Emotion
P00419,Control
P00420,Ad_Emotion
P00421,Control
P00422,Ad_Reason
P00423,Ad_Reason
P00424,Ad_Reason
P00425,Ad_Reason
P00426,Control
P00427,Ad_Emotion
P00428,Ad_Reason
P00429,Ad_Emotion
P00430,Control
P00431,Control
P00432,Control
P00433,Ad_Reason
P00434,Ad_Emotion
P00435,Ad_Emotion
P00436,Ad_Emotion
P00437,Control
P00438,Ad_Reason
P00439,Control
P00440,Control
P00441,Ad_Emotion
P00442,Control
P00443,Ad_Emotion
P00444,Ad_Reason
P00445,Ad_Emotion
P00446,Ad_Reason
P00447,Ad_Emotion
P00448,Control
P00449,Control
P00450,Ad_Reason
P00451,Ad_Reason
P00452,Ad_Reason
P00453,Ad_Emotion
P00454,Ad_Emotion
P00455,Ad_Reason
P00456,Control
P00457,Ad_Emotion
P00458,Ad_Emotion
P00459,Ad_Emotion
P00460,Ad_Reason
P00461,Ad_Reason
P00462,Ad_Reason
P00463,Ad_Reason
P00464,Ad_Reason
P00465,Control
P00466,Control
P00467,Ad_Reason
P00468,Ad_Emotion
P00469,Ad_Reason
P00470,Control
P00471,Control
P00472,Ad_Emotion
P00473,Control
P00474,Ad_Reason
P00475,Ad_Emotion
P00476,Ad_Reason
P00477,Ad_Reason
P00478,Ad_Emotion
P00479,Ad_Reason
P00480,Control
P00481,Ad_Reason
P00482,Ad_Emotion
P00483,Ad_Emotion
P00484,Ad_Emotion
P00485,Ad_Reason
P00486,Ad_Emotion
P00487,Ad_Emotion
P00488,Ad_Reason
P00489,Control
P00490,Ad_Reason
P00491,Ad_Emotion
P00492,Ad_Emotion
P00493,Ad_Reason
P00494,Control
P00495,Ad_Emotion
P00496,Ad_Emotion
P00497,Ad_Emotion
P00498,Ad_Reason
P00499,Ad_Emotion
P00500,Control
P00501,Ad_Emotion
P00502,Ad_Emotion
P00503,Control
P00504,Ad_Emotion
P00505,Ad_Reason
P00506,Ad_Reason
P00507,Ad_Reason
P00508,Control
P00509,Ad_Emotion
P00510,Ad_Reason
P00511,Control
P00512,Ad_Emotion
P00513,Control
P00514,Ad_Reason
P00515,Ad_Reason
P00516,Ad_Reason
P00517,Control
P00518,Control
P00519,Ad_Reason
P00520,Control
P00521,Ad_Reason
P00522,Ad_Reason
P00523,Ad_Emotion
P00524,Control
P00525,Ad_Reason
P00526,Ad_Reason
P00527,Control
P00528,Ad_Emotion
P00529,Ad_Emotion
P00530,Ad_Reason
P00531,Control
P00532,Ad_Emotion
P00533,Control
P00534,Control
P00535,Ad_Reason
P00536,Ad_Emotion
P00537,Ad_Reason
P00538,Ad_Emotion
P00539,Ad_Emotion
P00540,Ad_Emotion
P00541,Ad_Emotion
P00542,Ad_Emotion
P00543,Control
P00544,Ad_Reason
P00545,Control
P00546,Ad_Emotion
P00547,Ad_Reason
P00548,Ad_Emotion
P00549,Ad_Reason
P00550,Control
P00551,Ad_Reason
P00552,Ad_Reason
P00553,Ad_Reason
P00554,Ad_Reason
P00555,Ad_Reason
P00556,Ad_Emotion
P00557,Ad_Reason
P00558,Ad_Reason
P00559,Control
P00560,Ad_Reason
P00561,Control
P00562,Ad_Emotion
P00563,Ad_Reason
P00564,Control
P00565,Control
P00566,Ad_Emotion
P00567,Ad_Reason
P00568,Ad_Reason
P00569,Control
P00570,Ad_Reason
P00571,Control
P00572,Ad_Reason
P00573,Control
P00574,Ad_Reason
P00575,Ad_Emotion
P00576,Ad_Reason
P00577,Ad_Reason
P00578,Ad_Emotion
P00579,Ad_Reason
P00580,Ad_Emotion
P00581,Ad_Reason
P00582,Control
P00583,Control
P00584,Ad_Reason
P00585,Ad_Reason
P00586,Ad_Reason
P00587,Control
P00588,Ad_Reason
P00589,Control
P00590,Ad_Emotion
P00591,Control
P00592,Control
P00593,Ad_Emotion
P00594,Control
P00595,Ad_Reason
P00596,Ad_Reason
P00597,Control
P00598,Ad_Reason
P00599,Control
P00600,Ad_Reason
P00601,Ad_Reason
P00602,Control
P00603,Ad_Reason
P00604,Control
P00605,Ad_Reason
P00606,Ad_Reason
P00607,Ad_Emotion
P00608,Ad_Emotion
P00609,Control
P00610,Ad_Emotion
P00611,Control
P00612,Ad_Emotion
P00613,Ad_Reason
P00614,Control
P00615,Control
P00616,Ad_Reason
P00617,Control
P00618,Control
P00619,Ad_Emotion
P00620,Control
P00621,Ad_Reason
P00622,Ad_Emotion
P00623,Ad_Emotion
P00624,Ad_Reason
P00625,Ad_Reason
P00626,Ad_Emotion
P00627,Control
P00628,Ad_Emotion
P00629,Ad_Reason
P00630,Ad_Emotion
P00631,Ad_Reason
P00632,Ad_Emotion
P00633,Control
P00634,Ad_Emotion
P00635,Ad_Emotion
P00636,Ad_Reason
P00637,Ad_Reason
P00638,Ad_Reason
P00639,Ad_Emotion
P00640,Control
P00641,Ad_Reason
P00642,Ad_Reason
P00643,Ad_Emotion
P00644,Ad_Reason
P00645,Control
P00646,Control
P00647,Ad_Reason
P00648,Ad_Reason
P00649,Ad_Emotion
P00650,Control
P00651,Control
P00652,Ad_Reason
P00653,Ad_Emotion
P00654,Control
P00655,Control
P00656,Ad_Emotion
P00657,Ad_Emotion
P00658,Control
P00659,Control
P00660,Ad_Emotion
P00661,Control
P00662,Ad_Reason
P00663,Ad_Reason
P00664,Ad_Emotion
P00665,Ad_Emotion
P00666,Ad_Emotion
P00667,Ad_Reason
P00668,Control
P00669,Ad_Reason
P00670,Control
P00671,Ad_Reason
P00672,Control
P00673,Ad_Reason
P00674,Ad_Emotion
P00675,Ad_Reason
P00676,Control
P00677,Ad_Reason
P00678,Ad_Reason
P00679,Ad_Reason
P00680,Ad_Emotion
P00681,Ad_Reason
P00682,Ad_Emotion
P00683,Ad_Emotion
P00684,Ad_Reason
P00685,Ad_Reason
P00686,Ad_Reason
P00687,Control
P00688,Ad_Reason
P00689,Ad_Emotion
P00690,Ad_Reason
P00691,Control
P00692,Ad_Reason
P00693,Control
P00694,Control
P00695,Ad_Reason
P00696,Ad_Emotion
P00697,Control
P00698,Ad_Reason
P00699,Ad_Reason
P00700,Ad_Emotion
P00701,Control
P00702,Control
P00703,Ad_Reason
P00704,Ad_Reason
P00705,Ad_Emotion
P00706,Ad_Emotion
P00707,Control
P00708,Control
P00709,Ad_Reason
P00710,Control
P00711,Ad_Emotion
P00712,Ad_Emotion
P00713,Ad_Reason
P00714,Ad_Emotion
P00715,Ad_Emotion
P00716,Ad_Emotion
P00717,Ad_Emotion
P00718,Ad_Reason
P00719,Ad_Reason
P00720,Control
P00721,Ad_Emotion
P00722,Control
P00723,Ad_Reason
P00724,Ad_Reason
P00725,Ad_Reason
P00726,Ad_Reason
P00727,Ad_Reason
P00728,Ad_Reason
P00729,Ad_Reason
P00730,Ad_Emotion
P00731,Control
P00732,Ad_Reason
P00733,Ad_Emotion
P00734,Ad_Emotion
P00735,Control
P00736,Ad_Reason
P00737,Control
P00738,Ad_Reason
P00739,Ad_Emotion
P00740,Ad_Emotion
P00741,Ad_Emotion
P00742,Ad_Emotion
P00743,Control
P00744,Ad_Reason
P00745,Ad_Reason
P00746,Control
P00747,Ad_Reason
P00748,Ad_Emotion
P00749,Ad_Reason
P00750,Ad_Emotion
P00751,Control
P00752,Ad_Reason
P00753,Control
P00754,Ad_Reason
P00755,Ad_Emotion
P00756,Control
P00757,Ad_Reason
P00758,Ad_Emotion
P00759,Control
P00760,Control
P00761,Ad_Reason
P00762,Ad_Reason
P00763,Ad_Reason
P00764,Ad_Emotion
P00765,Ad_Reason
P00766,Control
P00767,Control
P00768,Ad_Reason
P00769,Ad_Reason
P00770,Control
P00771,Ad_Emotion
P00772,Ad_Reason
P00773,Ad_Reason
P00774,Control
P00775,Ad_Reason
P00776,Ad_Emotion
P00777,Control
P00778,Ad_Reason
P00779,Control
P00780,Ad_Reason
P00781,Ad_Reason
P00782,Ad_Reason
P00783,Ad_Emotion
P00784,Ad_Emotion
P00785,Control
P00786,Ad_Reason
P00787,Ad_Reason
P00788,Ad_Emotion
P00789,Ad_Reason
P00790,Ad_Emotion
P00791,Ad_Reason
P00792,Control
P00793,Ad_Reason
P00794,Ad_Reason
P00795,Ad_Emotion
P00796,Ad_Reason
P00797,Ad_Reason
P00798,Ad_Emotion
P00799,Control
P00800,Control
P00801,Ad_Emotion
P00802,Ad_Emotion
P00803,Ad_Emotion
P00804,Ad_Emotion
P00805,Ad_Emotion
P00806,Control
P00807,Control
P00808,Ad_Emotion
P00809,Ad_Reason
P00810,Ad_Emotion
P00811,Ad_Reason
P00812,Ad_Emotion
P00813,Ad_Emotion
P00814,Control
P00815,Ad_Reason
P00816,Ad_Reason
P00817,Control
P00818,Control
P00819,Control
P00820,Control
P00821,Ad_Reason
P00822,Ad_Reason
P00823,Ad_Emotion
P00824,Ad_Emotion
P00825,Control
P00826,Control
P00827,Control
P00828,Ad_Emotion
P00829,Ad_Emotion
P00830,Ad_Emotion
P00831,Ad_Emotion
P00832,Ad_Emotion
P00833,Ad_Emotion
P00834,Ad_Emotion
P00835,Control
P00836,Control
P00837,Control
P00838,Control
P00839,Ad_Emotion
P00840,Ad_Reason
P00841,Ad_Emotion
P00842,Ad_Reason
P00843,Control
P00844,Ad_Emotion
P00845,Control
P00846,Ad_Emotion
P00847,Control
P00848,Ad_Reason
P00849,Ad_Reason
P00850,Ad_Reason
P00851,Ad_Emotion
P00852,Ad_Reason
P00853,Ad_Emotion
P00854,Ad_Reason
P00855,Ad_Reason
P00856,Ad_Emotion
P00857,Ad_Emotion
P00858,Ad_Reason
P00859,Ad_Emotion
P00860,Ad_Reason
P00861,Ad_Emotion
P00862,Control
P00863,Control
P00864,Control
P00865,Control
P00866,Control
P00867,Ad_Reason
P00868,Control
P00869,Control
P00870,Control
P00871,Control
P00872,Ad_Emotion
P00873,Ad_Reason
P00874,Control
P00875,Control
P00876,Control
P00877,Ad_Reason
P00878,Ad_Emotion
P00879,Ad_Reason
P00880,Ad_Emotion
P00881,Control
P00882,Control
P00883,Ad_Reason
P00884,Ad_Reason
P00885,Ad_Emotion
P00886,Ad_Emotion
P00887,Ad_Reason
P00888,Ad_Emotion
P00889,Ad_Reason
P00890,Ad_Emotion
P00891,Ad_Reason
P00892,Ad_Reason
P00893,Ad_Reason
P00894,Ad_Emotion
P00895,Ad_Emotion
P00896,Ad_Emotion
P00897,Ad_Reason
P00898,Ad_Emotion
P00899,Ad_Emotion
P00900,Ad_Reason
P00901,Control
P00902,Ad_Reason
P00903,Ad_Emotion
P00904,Ad_Reason
P00905,Control
P00906,Ad_Reason
P00907,Ad_Emotion
P00908,Control
P00909,Ad_Emotion
P00910,Control
P00911,Control
P00912,Ad_Reason
P00913,Ad_Reason
P00914,Ad_Emotion
P00915,Ad_Reason
P00916,Ad_Reason
P00917,Control
P00918,Ad_Reason
P00919,Control
P00920,Control
P00921,Control
P00922,Ad_Emotion
P00923,Ad_Emotion
P00924,Ad_Emotion
P00925,Control
P00926,Ad_Emotion
P00927,Ad_Emotion
P00928,Ad_Reason
P00929,Ad_Emotion
P00930,Ad_Emotion
P00931,Control
P00932,Control
P00933,Control
P00934,Control
P00935,Control
P00936,Control
P00937,Ad_Emotion
P00938,Control
P00939,Control
P00940,Ad_Reason
P00941,Ad_Emotion
P00942,Ad_Emotion
P00943,Ad_Emotion
P00944,Control
P00945,Control
P00946,Control
P00947,Ad_Reason
P00948,Control
P00949,Ad_Reason
P00950,Ad_Emotion
P00951,Control
P00952,Ad_Reason
P00953,Ad_Reason
P00954,Control
P00955,Ad_Emotion
P00956,Ad_Emotion
P00957,Ad_Emotion
P00958,Ad_Reason
P00959,Ad_Reason
P00960,Ad_Reason
P00961,Ad_Reason
P00962,Ad_Emotion
P00963,Control
P00964,Ad_Reason
P00965,Ad_Reason
P00966,Ad_Emotion
P00967,Control
P00968,Control
P00969,Ad_Emotion
P00970,Ad_Emotion
P00971,Control
P00972,Ad_Reason
P00973,Control
P00974,Ad_Emotion
P00975,Ad_Reason
P00976,Ad_Reason
P00977,Ad_Emotion
P00978,Ad_Emotion
P00979,Ad_Emotion
P00980,Control
P00981,Control
P00982,Ad_Reason
P00983,Ad_Emotion
P00984,Ad_Reason
P00985,Ad_Reason
P00986,Ad_Reason
P00987,Ad_Reason
P00988,Ad_Emotion
P00989,Ad_Reason
P00990,Ad_Emotion
P00991,Ad_Emotion
P00992,Control
P00993,Ad_Emotion
P00994,Control
P00995,Ad_Emotion
P00996,Ad_Emotion
P00997,Ad_Emotion
P00998,Control
P00999,Control
P01000,Ad_Reason
P01001,Control
P01002,Control
P01003,Control
P01004,Control
P01005,Ad_Reason
P01006,Control
P01007,Ad_Emotion
P01008,Ad_Emotion
P01009,Control
P01010,Control
P01011,Ad_Emotion
P01012,Ad_Emotion
P01013,Ad_Reason
P01014,Ad_Emotion
P01015,Ad_Emotion
P01016,Control
P01017,Ad_Emotion
P01018,Ad_Reason
P01019,Ad_Emotion
P01020,Control
P01021,Control
P01022,Ad_Emotion
P01023,Control
P01024,Ad_Reason
P01025,Ad_Reason
P01026,Ad_Emotion
P01027,Ad_Emotion
P01028,Ad_Emotion
P01029,Control
P01030,Ad_Reason
P01031,Ad_Reason
P01032,Control
P01033,Ad_Reason
P01034,Ad_Emotion
P01035,Ad_Emotion
P01036,Ad_Emotion
P01037,Ad_Reason
P01038,Ad_Emotion
P01039,Control
P01040,Control
P01041,Ad_Reason
P01042,Control
P01043,Control
P01044,Ad_Reason
P01045,Ad_Emotion
P01046,Ad_Emotion
P01047,Ad_Emotion
P01048,Ad_Reason
P01049,Control
P01050,Ad_Emotion
P01051,Ad_Emotion
P01052,Ad_Reason
P01053,Ad_Emotion
P01054,Ad_Reason
P01055,Control
P01056,Ad_Reason
P01057,Ad_Reason
P01058,Ad_Reason
P01059,Ad_Reason
P01060,Control
P01061,Control
P01062,Ad_Emotion
P01063,Control
P01064,Control
P01065,Ad_Emotion
P01066,Control
P01067,Ad_Reason
P01068,Ad_Reason
P01069,Ad_Emotion
P01070,Ad_Emotion
P01071,Ad_Emotion
P01072,Ad_Reason
P01073,Control
P01074,Ad_Reason
P01075,Ad_Emotion
P01076,Control
P01077,Control
P01078,Ad_Reason
P01079,Ad_Emotion
P01080,Ad_Reason
P01081,Control
P01082,Ad_Reason
P01083,Ad_Reason
P01084,Ad_Emotion
P01085,Ad_Emotion
P01086,Control
P01087,Ad_Reason
P01088,Ad_Reason
P01089,Ad_Reason
P01090,Control
P01091,Control
P01092,Ad_Emotion
P01093,Ad_Emotion
P01094,Ad_Emotion
P01095,Ad_Reason
P01096,Ad_Reason
P01097,Ad_Emotion
P01098,Ad_Reason
P01099,Ad_Emotion
P01100,Control
P01101,Ad_Emotion
P01102,Control
P01103,Ad_Reason
P01104,Ad_Emotion
P01105,Ad_Reason
P01106,Control
P01107,Control
P01108,Control
P01109,Ad_Reason
P01110,Ad_Reason
P01111,Ad_Reason
P01112,Ad_Reason
P01113,Control
P01114,Control
P01115,Ad_Emotion
P01116,Ad_Emotion
P01117,Ad_Reason
P01118,Control
P01119,Control
P01120,Control
P01121,Ad_Emotion
P01122,Ad_Emotion
P01123,Control
P01124,Control
P01125,Control
P01126,Ad_Emotion
P01127,Control
P01128,Control
P01129,Ad_Reason
P01130,Ad_Reason
P01131,Ad_Emotion
P01132,Control
P01133,Control
P01134,Ad_Reason
P01135,Ad_Emotion
P01136,Ad_Reason
P01137,Ad_Reason
P01138,Ad_Reason
P01139,Ad_Reason
P01140,Control
P01141,Control
P01142,Ad_Reason
P01143,Ad_Emotion
P01144,Ad_Emotion
P01145,Ad_Emotion
P01146,Ad_Emotion
P01147,Ad_Reason
P01148,Control
P01149,Ad_Emotion
P01150,Ad_Reason
P01151,Ad_Emotion
P01152,Ad_Emotion
P01153,Ad_Reason
P01154,Control
P01155,Control
P01156,Ad_Reason
P01157,Control
P01158,Ad_Reason
P01159,Ad_Reason
P01160,Ad_Reason
P01161,Control
P01162,Ad_Reason
P01163,Ad_Emotion
P01164,Control
P01165,Control
P01166,Control
P01167,Control
P01168,Ad_Emotion
P01169,Control
P01170,Control
P01171,Ad_Reason
P01172,Control
P01173,Ad_Emotion
P01174,Ad_Emotion
P01175,Ad_Emotion
P01176,Ad_Emotion
P01177,Control
P01178,Control
P01179,Ad_Emotion
P01180,Ad_Emotion
P01181,Control
P01182,Ad_Emotion
P01183,Ad_Reason
P01184,Ad_Emotion
P01185,Ad_Emotion
P01186,Ad_Reason
P01187,Ad_Reason
P01188,Control
P01189,Control
P01190,Ad_Reason
P01191,Ad_Reason
P01192,Control
P01193,Ad_Emotion
P01194,Ad_Reason
P01195,Control
P01196,Ad_Emotion
P01197,Ad_Reason
P01198,Ad_Emotion
P01199,Control
P01200,Ad_Reason
P01201,Ad_Emotion
P01202,Ad_Reason
P01203,Ad_Emotion
P01204,Control
P01205,Control
P01206,Ad_Reason
P01207,Ad_Emotion
P01208,Ad_Reason
P01209,Ad_Reason
P01210,Ad_Emotion
P01211,Ad_Emotion
P01212,Ad_Emotion
P01213,Control
P01214,Ad_Reason
P01215,Ad_Reason
P01216,Control
P01217,Ad_Emotion
P01218,Control
P01219,Control
P01220,Control
P01221,Ad_Reason
P01222,Control
P01223,Ad_Reason
P01224,Ad_Reason
P01225,Ad_Reason
P01226,Ad_Emotion
P01227,Ad_Reason
P01228,Ad_Reason
P01229,Ad_Emotion
P01230,Ad_Reason
P01231,Control
P01232,Control
P01233,Ad_Reason
P01234,Ad_Emotion
P01235,Control
P01236,Ad_Emotion
P01237,Ad_Emotion
P01238,Control
P01239,Ad_Emotion
P01240,Control
P01241,Ad_Emotion
P01242,Control
P01243,Ad_Reason
P01244,Control
P01245,Control
P01246,Control
P01247,Control
P01248,Ad_Emotion
P01249,Ad_Reason
P01250,Control
P01251,Ad_Emotion
P01252,Ad_Reason
P01253,Ad_Reason
P01254,Ad_Reason
P01255,Ad_Reason
P01256,Control
P01257,Control
P01258,Ad_Emotion
P01259,Ad_Emotion
P01260,Ad_Emotion
P01261,Ad_Reason
P01262,Ad_Reason
P01263,Control
P01264,Ad_Reason
P01265,Ad_Reason
P01266,Ad_Reason
P01267,Ad_Emotion
P01268,Ad_Emotion
P01269,Control
P01270,Ad_Reason
P01271,Ad_Reason
P01272,Control
P01273,Ad_Reason
P01274,Ad_Reason
P01275,Ad_Emotion
P01276,Control
P01277,Control
P01278,Control
P01279,Control
P01280,Ad_Emotion
P01281,Ad_Emotion
P01282,Ad_Reason
P01283,Ad_Reason
P01284,Ad_Reason
P01285,Ad_Reason
P01286,Ad_Emotion
P01287,Control
P01288,Ad_Emotion
P01289,Ad_Reason
P01290,Ad_Emotion
P01291,Control
P01292,Control
P01293,Ad_Emotion
P01294,Ad_Emotion
P01295,Ad_Emotion
P01296,Ad_Reason
P01297,Ad_Emotion
P01298,Ad_Emotion
P01299,Ad_Emotion
P01300,Control
P01301,Control
P01302,Ad_Reason
P01303,Ad_Reason
P01304,Control
P01305,Control
P01306,Control
P01307,Ad_Emotion
P01308,Ad_Emotion
P01309,Control
P01310,Ad_Emotion
P01311,Ad_Emotion
P01312,Ad_Reason
P01313,Control
P01314,Control
P01315,Ad_Emotion
P01316,Control
P01317,Ad_Reason
P01318,Ad_Reason
P01319,Ad_Reason
P01320,Control
P01321,Control
P01322,Control
P01323,Control
P01324,Control
P01325,Ad_Reason
P01326,Ad_Emotion
P01327,Ad_Reason
P01328,Control
P01329,Ad_Reason
P01330,Control
P01331,Control
P01332,Ad_Reason
P01333,Control
P01334,Ad_Emotion
P01335,Control
P01336,Ad_Emotion
P01337,Ad_Emotion
P01338,Control
P01339,Ad_Reason
P01340,Ad_Emotion
P01341,Ad_Reason
P01342,Ad_Emotion
P01343,Control
P01344,Control
P01345,Ad_Emotion
P01346,Control
P01347,Ad_Emotion
P01348,Control
P01349,Ad_Reason
P01350,Control
P01351,Ad_Reason
P01352,Control
P01353,Ad_Reason
P01354,Control
P01355,Ad_Reason
P01356,Ad_Emotion
P01357,Ad_Emotion
P01358,Ad_Reason
P01359,Control
P01360,Ad_Reason
P01361,Control
P01362,Ad_Emotion
P01363,Control
P01364,Ad_Emotion
P01365,Control
P01366,Control
P01367,Control
P01368,Ad_Reason
P01369,Ad_Reason
P01370,Ad_Emotion
P01371,Ad_Emotion
P01372,Ad_Reason
P01373,Ad_Emotion
P01374,Ad_Reason
P01375,Control
P01376,Ad_Emotion
P01377,Ad_Emotion
P01378,Ad_Reason
P01379,Ad_Emotion
P01380,Ad_Emotion
P01381,Control
P01382,Ad_Emotion
P01383,Control
P01384,Ad_Reason
P01385,Ad_Emotion
P01386,Control
P01387,Ad_Reason
P01388,Ad_Emotion
P01389,Ad_Reason
P01390,Ad_Emotion
P01391,Ad_Reason
P01392,Ad_Reason
P01393,Control
P01394,Ad_Reason
P01395,Ad_Emotion
P01396,Ad_Emotion
P01397,Control
P01398,Ad_Emotion
P01399,Ad_Emotion
P01400,Ad_Emotion
P01401,Ad_Reason
P01402,Ad_Reason
P01403,Ad_Emotion
P01404,Control
P01405,Ad_Reason
P01406,Control
P01407,Ad_Emotion
P01408,Ad_Emotion
P01409,Ad_Reason
P01410,Ad_Emotion
P01411,Ad_Reason
P01412,Ad_Emotion
P01413,Ad_Emotion
P01414,Ad_Reason
P01415,Ad_Reason
P01416,Ad_Reason
P01417,Ad_Emotion
P01418,Ad_Emotion
P01419,Control
P01420,Ad_Reason
P01421,Ad_Emotion
P01422,Ad_Emotion
P01423,Ad_Reason
P01424,Control
P01425,Ad_Reason
P01426,Control
P01427,Ad_Emotion
P01428,Control
P01429,Ad_Emotion
P01430,Ad_Reason
P01431,Ad_Reason
P01432,Ad_Reason
P01433,Control
P01434,Ad_Emotion
P01435,Ad_Reason
P01436,Ad_Reason
P01437,Ad_Emotion
P01438,Ad_Reason
P01439,Ad_Emotion
P01440,Ad_Emotion
P01441,Ad_Emotion
P01442,Ad_Emotion
P01443,Ad_Emotion
P01444,Control
P01445,Ad_Reason
P01446,Control
P01447,Ad_Reason
P01448,Control
P01449,Ad_Emotion
P01450,Ad_Reason
P01451,Ad_Reason
P01452,Control
P01453,Control
P01454,Ad_Reason
P01455,Control
P01456,Control
P01457,Control
P01458,Ad_Emotion
P01459,Ad_Emotion
P01460,Control
P01461,Control
P01462,Ad_Emotion
P01463,Ad_Emotion
P01464,Ad_Reason
P01465,Ad_Reason
P01466,Ad_Emotion
P01467,Control
P01468,Control
P01469,Control
P01470,Control
P01471,Ad_Reason
P01472,Ad_Emotion
P01473,Control
P01474,Ad_Reason
P01475,Control
P01476,Ad_Emotion
P01477,Ad_Reason
P01478,Ad_Emotion
P01479,Ad_Emotion
P01480,Ad_Reason
P01481,Ad_Reason
P01482,Ad_Reason
P01483,Ad_Reason
P01484,Ad_Reason
P01485,Ad_Reason
P01486,Ad_Reason
P01487,Control
P01488,Ad_Emotion
P01489,Ad_Reason
P01490,Control
P01491,Control
P01492,Control
P01493,Ad_Emotion
P01494,Ad_Reason
P01495,Control
P01496,Ad_Emotion
P01497,Ad_Emotion
P01498,Ad_Emotion
P01499,Control
P01500,Ad_Reason
P01501,Control
P01502,Control
P01503,Ad_Reason
P01504,Ad_Reason
P01505,Ad_Reason
P01506,Ad_Emotion
P01507,Ad_Reason
P01508,Control
P01509,Ad_Reason
P01510,Control
P01511,Ad_Emotion
P01512,Control
P01513,Control
P01514,Ad_Reason
P01515,Ad_Reason
P01516,Control
P01517,Ad_Reason
P01518,Ad_Emotion
P01519,Ad_Emotion
P01520,Ad_Reason
P01521,Ad_Emotion
P01522,Ad_Reason
P01523,Control
P01524,Control
P01525,Ad_Emotion
P01526,Ad_Reason
P01527,Ad_Reason
P01528,Ad_Emotion
P01529,Control
P01530,Ad_Emotion
P01531,Control
P01532,Ad_Reason
P01533,Control
P01534,Ad_Emotion
P01535,Ad_Reason
P01536,Ad_Emotion
P01537,Ad_Emotion
P01538,Control
P01539,Ad_Emotion
P01540,Control
P01541,Ad_Reason
P01542,Control
P01543,Ad_Reason
P01544,Control
P01545,Ad_Emotion
P01546,Control
P01547,Control
P01548,Ad_Reason
P01549,Ad_Emotion
P01550,Control
P01551,Ad_Emotion
P01552,Control
P01553,Control
P01554,Ad_Emotion
P01555,Control
P01556,Ad_Emotion
P01557,Control
P01558,Ad_Reason
P01559,Ad_Emotion
P01560,Control
P01561,Control
P01562,Ad_Reason
P01563,Ad_Emotion
P01564,Control
P01565,Ad_Reason
P01566,Control
P01567,Ad_Emotion
P01568,Control
P01569,Control
P01570,Control
P01571,Control
P01572,Ad_Reason
P01573,Ad_Reason
P01574,Ad_Emotion
P01575,Ad_Reason
P01576,Ad_Reason
P01577,Ad_Emotion
P01578,Ad_Reason
P01579,Ad_Reason
P01580,Ad_Emotion
P01581,Ad_Emotion
P01582,Ad_Emotion
P01583,Control
P01584,Control
P01585,Ad_Emotion
P01586,Ad_Emotion
P01587,Ad_Emotion
P01588,Control
P01589,Control
P01590,Ad_Reason
P01591,Ad_Reason
P01592,Ad_Emotion
P01593,Control
P01594,Control
P01595,Control
P01596,Ad_Emotion
P01597,Ad_Reason
P01598,Ad_Emotion
P01599,Ad_Reason
P01600,Ad_Reason
P01601,Ad_Emotion
P01602,Ad_Reason
P01603,Ad_Reason
P01604,Control
P01605,Ad_Reason
P01606,Ad_Emotion
P01607,Ad_Emotion
P01608,Ad_Reason
P01609,Control
P01610,Control
P01611,Ad_Reason
P01612,Ad_Reason
P01613,Ad_Emotion
P01614,Ad_Reason
P01615,Control
P01616,Ad_Reason
P01617,Ad_Emotion
P01618,Ad_Emotion
P01619,Ad_Emotion
P01620,Ad_Emotion
P01621,Ad_Emotion
P01622,Ad_Reason
P01623,Ad_Reason
P01624,Ad_Reason
P01625,Ad_Reason
P01626,Ad_Emotion
P01627,Control
P01628,Ad_Reason
P01629,Control
P01630,Ad_Reason
P01631,Ad_Reason
P01632,Control
P01633,Ad_Emotion
P01634,Ad_Reason
P01635,Ad_Reason
P01636,Ad_Reason
P01637,Control
P01638,Ad_Emotion
P01639,Control
P01640,Control
P01641,Ad_Emotion
P01642,Control
P01643,Ad_Emotion
P01644,Ad_Reason
P01645,Ad_Emotion
P01646,Ad_Reason
P01647,Control
P01648,Control
P01649,Ad_Reason
P01650,Control
P01651,Ad_Emotion
P01652,Ad_Reason
P01653,Control
P01654,Ad_Reason
P01655,Ad_Emotion
P01656,Ad_Emotion
P01657,Control
P01658,Ad_Emotion
P01659,Ad_Reason
P01660,Ad_Emotion
P01661,Ad_Reason
P01662,Ad_Reason
P01663,Ad_Emotion
P01664,Control
P01665,Ad_Emotion
P01666,Ad_Reason
P01667,Ad_Reason
P01668,Ad_Emotion
P01669,Control
P01670,Control
P01671,Ad_Reason
P01672,Ad_Reason
P01673,Control
P01674,Ad_Emotion
P01675,Ad_Reason
P01676,Ad_Reason
P01677,Control
P01678,Ad_Emotion
P01679,Control
P01680,Ad_Emotion
P01681,Ad_Emotion
P01682,Ad_Emotion
P01683,Ad_Reason
P01684,Control
P01685,Control
P01686,Ad_Emotion
P01687,Ad_Reason
P01688,Ad_Reason
P01689,Control
P01690,Ad_Reason
P01691,Ad_Reason
P01692,Ad_Emotion
P01693,Ad_Reason
P01694,Ad_Emotion
P01695,Control
P01696,Ad_Reason
P01697,Control
P01698,Control
P01699,Ad_Reason
P01700,Ad_Reason
P01701,Control
P01702,Ad_Reason
P01703,Ad_Emotion
P01704,Ad_Emotion
P01705,Ad_Reason
P01706,Control
P01707,Ad_Reason
P01708,Ad_Reason
P01709,Control
P01710,Control
P01711,Ad_Emotion
P01712,Control
P01713,Ad_Emotion
P01714,Control
P01715,Ad_Reason
P01716,Ad_Emotion
P01717,Ad_Emotion
P01718,Ad_Emotion
P01719,Ad_Reason
P01720,Ad_Reason
P01721,Ad_Reason
P01722,Ad_Reason
P01723,Ad_Reason
P01724,Ad_Emotion
P01725,Ad_Reason
P01726,Ad_Emotion
P01727,Ad_Reason
P01728,Control
P01729,Ad_Emotion
P01730,Control
P01731,Ad_Emotion
P01732,Control
P01733,Ad_Reason
P01734,Ad_Reason
P01735,Ad_Reason
P01736,Ad_Emotion
P01737,Control
P01738,Ad_Reason
P01739,Control
P01740,Control
P01741,Ad_Reason
P01742,Ad_Reason
P01743,Control
P01744,Ad_Reason
P01745,Ad_Reason
P01746,Ad_Reason
P01747,Ad_Emotion
P01748,Control
P01749,Control
P01750,Ad_Emotion
P01751,Control
P01752,Ad_Reason
P01753,Control
P01754,Ad_Reason
P01755,Ad_Emotion
P01756,Ad_Reason
P01757,Control
P01758,Control
P01759,Control
P01760,Ad_Emotion
P01761,Ad_Emotion
P01762,Control
P01763,Ad_Reason
P01764,Ad_Emotion
P01765,Control
P01766,Control
P01767,Ad_Emotion
P01768,Ad_Emotion
P01769,Ad_Emotion
P01770,Ad_Reason
P01771,Ad_Reason
P01772,Control
P01773,Ad_Emotion
P01774,Ad_Reason
P01775,Ad_Emotion
P01776,Control
P01777,Ad_Reason
P01778,Ad_Reason
P01779,Ad_Reason
P01780,Control
P01781,Ad_Emotion
P01782,Ad_Reason
P01783,Control
P01784,Ad_Emotion
P01785,Control
P01786,Ad_Emotion
P01787,Control
P01788,Ad_Emotion
P01789,Ad_Reason
P01790,Ad_Emotion
P01791,Control
P01792,Control
P01793,Ad_Emotion
P01794,Ad_Reason
P01795,Ad_Reason
P01796,Ad_Emotion
P01797,Ad_Emotion
P01798,Control
P01799,Ad_Reason
P01800,Ad_Emotion
P01801,Ad_Reason
P01802,Ad_Emotion
P01803,Ad_Emotion
P01804,Ad_Reason
P01805,Ad_Emotion
P01806,Ad_Emotion
P01807,Control
P01808,Ad_Emotion
P01809,Ad_Emotion
P01810,Ad_Emotion
P01811,Control
P01812,Ad_Reason
P01813,Control
P01814,Control
P01815,Ad_Reason
P01816,Control
P01817,Ad_Reason
P01818,Control
P01819,Ad_Reason
P01820,Ad_Emotion
P01821,Control
P01822,Control
P01823,Control
P01824,Control
P01825,Ad_Emotion
P01826,Control
P01827,Ad_Emotion
P01828,Ad_Emotion
P01829,Ad_Emotion
P01830,Ad_Emotion
P01831,Ad_Reason
P01832,Ad_Reason
P01833,Control
P01834,Ad_Reason
P01835,Ad_Reason
P01836,Control
P01837,Control
P01838,Control
P01839,Ad_Reason
P01840,Ad_Reason
P01841,Control
P01842,Ad_Emotion
P01843,Control
P01844,Ad_Emotion
P01845,Ad_Emotion
P01846,Control
P01847,Control
P01848,Control
P01849,Ad_Reason
P01850,Ad_Emotion
P01851,Ad_Reason
P01852,Ad_Reason
P01853,Control
P01854,Ad_Reason
P01855,Control
P01856,Ad_Emotion
P01857,Control
P01858,Ad_Reason
P01859,Ad_Reason
P01860,Control
P01861,Control
P01862,Ad_Reason
P01863,Ad_Emotion
P01864,Ad_Emotion
P01865,Control
P01866,Ad_Emotion
P01867,Ad_Reason
P01868,Control
P01869,Ad_Reason
P01870,Ad_Reason
P01871,Ad_Emotion
P01872,Control
P01873,Control
P01874,Ad_Emotion
P01875,Ad_Reason
P01876,Ad_Reason
P01877,Ad_Reason
P01878,Ad_Reason
P01879,Control
P01880,Control
P01881,Ad_Emotion
P01882,Ad_Emotion
P01883,Control
P01884,Control
P01885,Ad_Reason
P01886,Ad_Reason
P01887,Ad_Emotion
P01888,Control
P01889,Ad_Emotion
P01890,Control
P01891,Ad_Reason
P01892,Ad_Emotion
P01893,Ad_Emotion
P01894,Control
P01895,Ad_Reason
P01896,Ad_Emotion
P01897,Ad_Reason
P01898,Ad_Emotion
P01899,Ad_Reason
P01900,Control
P01901,Ad_Emotion
P01902,Ad_Emotion
P01903,Ad_Reason
P01904,Ad_Reason
P01905,Ad_Emotion
P01906,Control
P01907,Ad_Reason
P01908,Ad_Reason
P01909,Ad_Reason
P01910,Ad_Emotion
P01911,Ad_Emotion
P01912,Ad_Emotion
P01913,Ad_Emotion
P01914,Control
P01915,Control
P01916,Ad_Emotion
P01917,Control
P01918,Ad_Reason
P01919,Ad_Reason
P01920,Ad_Reason
P01921,Ad_Emotion
P01922,Ad_Reason
P01923,Control
P01924,Ad_Emotion
P01925,Control
P01926,Ad_Reason
P01927,Ad_Reason
P01928,Ad_Reason
P01929,Ad_Emotion
P01930,Control
P01931,Ad_Emotion
P01932,Ad_Emotion
P01933,Ad_Reason
P01934,Ad_Emotion
P01935,Ad_Emotion
P01936,Ad_Reason
P01937,Ad_Emotion
P01938,Ad_Reason
P01939,Ad_Reason
P01940,Ad_Reason
P01941,Ad_Reason
P01942,Ad_Emotion
P01943,Ad_Reason
P01944,Ad_Reason
P01945,Ad_Emotion
P01946,Ad_Emotion
P01947,Control
P01948,Ad_Emotion
P01949,Ad_Emotion
P01950,Control
P01951,Ad_Emotion
P01952,Ad_Emotion
P01953,Ad_Emotion
P01954,Ad_Emotion
P01955,Control
P01956,Ad_Emotion
P01957,Ad_Emotion
P01958,Control
P01959,Ad_Reason
P01960,Control
P01961,Ad_Reason
P01962,Control
P01963,Control
P01964,Ad_Emotion
P01965,Ad_Reason
P01966,Ad_Emotion
P01967,Ad_Reason
P01968,Control
P01969,Control
P01970,Ad_Reason
P01971,Ad_Emotion
P01972,Ad_Emotion
P01973,Ad_Emotion
P01974,Ad_Emotion
P01975,Control
P01976,Control
P01977,Control
P01978,Control
P01979,Control
P01980,Ad_Emotion
P01981,Ad_Emotion
P01982,Ad_Emotion
P01983,Ad_Emotion
P01984,Control
P01985,Control
P01986,Control
P01987,Ad_Reason
P01988,Ad_Emotion
P01989,Ad_Emotion
P01990,Control
P01991,Ad_Emotion
P01992,Ad_Emotion
P01993,Control
P01994,Ad_Reason
P01995,Ad_Reason
P01996,Ad_Reason
P01997,Control
P01998,Ad_Emotion
P01999,Control
P02000,Control
P02001,Ad_Emotion
P02002,Ad_Reason
P02003,Ad_Reason
P02004,Control
P02005,Ad_Reason
P02006,Control
P02007,Control
P02008,Ad_Emotion
P02009,Ad_Emotion
P02010,Ad_Emotion
P02011,Control
P02012,Ad_Emotion
P02013,Ad_Reason
P02014,Ad_Reason
P02015,Control
P02016,Control
P02017,Ad_Emotion
P02018,Control
P02019,Control
P02020,Ad_Reason
P02021,Ad_Reason
P02022,Ad_Emotion
P02023,Control
P02024,Control
P02025,Ad_Reason
P02026,Control
P02027,Ad_Reason
P02028,Ad_Emotion
P02029,Ad_Reason
P02030,Control
P02031,Ad_Emotion
P02032,Ad_Reason
P02033,Ad_Reason
P02034,Ad_Emotion
P02035,Ad_Emotion
P02036,Ad_Reason
P02037,Control
P02038,Ad_Reason
P02039,Ad_Emotion
P02040,Ad_Reason
P02041,Ad_Emotion
P02042,Ad_Emotion
P02043,Control
P02044,Ad_Emotion
P02045,Ad_Emotion
P02046,Control
P02047,Ad_Emotion
P02048,Control
P02049,Control
P02050,Ad_Emotion
P02051,Ad_Emotion
P02052,Ad_Reason
P02053,Control
P02054,Ad_Reason
P02055,Ad_Emotion
P02056,Ad_Reason
P02057,Control
P02058,Ad_Reason
P02059,Control
P02060,Ad_Emotion
P02061,Ad_Emotion
P02062,Control
P02063,Ad_Emotion
P02064,Ad_Emotion
P02065,Ad_Emotion
P02066,Ad_Emotion
P02067,Control
P02068,Ad_Reason
P02069,Ad_Reason
P02070,Ad_Emotion
P02071,Ad_Reason
P02072,Ad_Reason
P02073,Ad_Emotion
P02074,Ad_Emotion
P02075,Ad_Reason
P02076,Control
P02077,Ad_Emotion
P02078,Control
P02079,Ad_Reason
P02080,Ad_Emotion
P02081,Control
P02082,Ad_Emotion
P02083,Ad_Reason
P02084,Control
P02085,Ad_Reason
P02086,Ad_Reason
P02087,Ad_Emotion
P02088,Control
P02089,Ad_Reason
P02090,Ad_Reason
P02091,Control
P02092,Ad_Reason
P02093,Ad_Reason
P02094,Control
P02095,Control
P02096,Control
P02097,Control
P02098,Ad_Emotion
P02099,Control
P02100,Ad_Emotion
P02101,Ad_Emotion
P02102,Ad_Emotion
P02103,Ad_Reason
P02104,Ad_Emotion
P02105,Ad_Emotion
P02106,Ad_Reason
P02107,Ad_Reason
P02108,Ad_Reason
P02109,Control
P02110,Ad_Reason
P02111,Ad_Reason
P02112,Ad_Emotion
P02113,Ad_Reason
P02114,Control
P02115,Ad_Reason
P02116,Control
P02117,Ad_Reason
P02118,Ad_Reason
P02119,Ad_Reason
P02120,Ad_Reason
P02121,Control
P02122,Control
P02123,Ad_Emotion
P02124,Control
P02125,Ad_Reason
P02126,Ad_Emotion
P02127,Ad_Emotion
P02128,Ad_Emotion
P02129,Ad_Reason
P02130,Control
P02131,Ad_Reason
P02132,Ad_Emotion
P02133,Ad_Reason
P02134,Ad_Reason
P02135,Control
P02136,Control
P02137,Ad_Emotion
P02138,Ad_Reason
P02139,Ad_Reason
P02140,Control
P02141,Ad_Reason
P02142,Ad_Reason
P02143,Ad_Reason
P02144,Control
P02145,Ad_Emotion
P02146,Ad_Emotion
P02147,Ad_Reason
P02148,Ad_Emotion
P02149,Control
P02150,Control
P02151,Ad_Emotion
P02152,Ad_Emotion
P02153,Ad_Reason
P02154,Ad_Emotion
P02155,Ad_Reason
P02156,Ad_Reason
P02157,Control
P02158,Control
P02159,Control
P02160,Control
P02161,Ad_Emotion
P02162,Control
P02163,Ad_Emotion
P02164,Control
P02165,Ad_Emotion
P02166,Ad_Reason
P02167,Ad_Emotion
P02168,Ad_Emotion
P02169,Control
P02170,Ad_Emotion
P02171,Ad_Reason
P02172,Ad_Reason
P02173,Control
P02174,Ad_Reason
P02175,Ad_Emotion
P02176,Ad_Reason
P02177,Control
P02178,Ad_Emotion
P02179,Control
P02180,Ad_Emotion
P02181,Ad_Reason
P02182,Control
P02183,Control
P02184,Ad_Emotion
P02185,Control
P02186,Ad_Emotion
P02187,Ad_Emotion
P02188,Ad_Emotion
P02189,Ad_Emotion
P02190,Ad_Reason
P02191,Ad_Emotion
P02192,Control
P02193,Ad_Reason
P02194,Control
P02195,Ad_Reason
P02196,Ad_Emotion
P02197,Ad_Reason
P02198,Ad_Reason
P02199,Control
P02200,Control
P02201,Ad_Emotion
P02202,Ad_Reason
P02203,Ad_Reason
P02204,Ad_Reason
P02205,Ad_Emotion
P02206,Ad_Emotion
P02207,Ad_Emotion
P02208,Ad_Emotion
P02209,Ad_Emotion
P02210,Control
P02211,Ad_Reason
P02212,Ad_Reason
P02213,Ad_Reason
P02214,Ad_Reason
P02215,Ad_Reason
P02216,Ad_Reason
P02217,Ad_Reason
P02218,Ad_Reason
P02219,Control
P02220,Ad_Reason
P02221,Control
P02222,Ad_Emotion
P02223,Ad_Reason
P02224,Ad_Emotion
P02225,Ad_Emotion
P02226,Ad_Emotion
P02227,Control
P02228,Ad_Emotion
P02229,Ad_Emotion
P02230,Ad_Emotion
P02231,Ad_Reason
P02232,Ad_Reason
P02233,Control
P02234,Control
P02235,Ad_Reason
P02236,Control
P02237,Ad_Reason
P02238,Ad_Emotion
P02239,Ad_Emotion
P02240,Control
P02241,Ad_Reason
P02242,Ad_Reason
P02243,Control
P02244,Ad_Reason
P02245,Ad_Emotion
P02246,Control
P02247,Control
P02248,Ad_Reason
P02249,Control
P02250,Ad_Reason
P02251,Ad_Reason
P02252,Ad_Reason
P02253,Ad_Reason
P02254,Ad_Reason
P02255,Control
P02256,Ad_Emotion
P02257,Ad_Emotion
P02258,Control
P02259,Control
P02260,Ad_Emotion
P02261,Ad_Emotion
P02262,Ad_Emotion
P02263,Ad_Emotion
P02264,Ad_Emotion
P02265,Ad_Reason
P02266,Control
P02267,Ad_Reason
P02268,Ad_Emotion
P02269,Ad_Emotion
P02270,Ad_Emotion
P02271,Ad_Reason
P02272,Ad_Reason
P02273,Ad_Emotion
P02274,Ad_Reason
P02275,Ad_Reason
P02276,Ad_Emotion
P02277,Ad_Reason
P02278,Control
P02279,Control
P02280,Control
P02281,Control
P02282,Ad_Emotion
P02283,Ad_Emotion
P02284,Ad_Emotion
P02285,Control
P02286,Control
P02287,Ad_Reason
P02288,Ad_Reason
P02289,Control
P02290,Control
P02291,Control
P02292,Control
P02293,Ad_Reason
P02294,Control
P02295,Ad_Reason
P02296,Control
P02297,Control
P02298,Control
P02299,Ad_Reason
P02300,Ad_Reason
P02301,Ad_Emotion
P02302,Control
P02303,Ad_Emotion
P02304,Ad_Emotion
P02305,Ad_Reason
P02306,Ad_Reason
P02307,Ad_Emotion
P02308,Control
P02309,Ad_Reason
P02310,Control
P02311,Control
P02312,Ad_Emotion
P02313,Ad_Emotion
P02314,Ad_Emotion
P02315,Ad_Emotion
P02316,Ad_Reason
P02317,Ad_Reason
P02318,Ad_Emotion
P02319,Ad_Reason
P02320,Ad_Emotion
P02321,Control
P02322,Control
P02323,Control
P02324,Ad_Emotion
P02325,Control
P02326,Ad_Reason
P02327,Control
P02328,Control
P02329,Control
P02330,Ad_Reason
P02331,Ad_Emotion
P02332,Ad_Reason
P02333,Ad_Emotion
P02334,Ad_Emotion
P02335,Control
P02336,Ad_Emotion
P02337,Ad_Reason
P02338,Ad_Reason
P02339,Ad_Emotion
P02340,Control
P02341,Control
P02342,Ad_Reason
P02343,Control
P02344,Ad_Emotion
P02345,Ad_Emotion
P02346,Ad_Reason
P02347,Ad_Emotion
P02348,Ad_Reason
P02349,Ad_Emotion
P02350,Ad_Reason
P02351,Control
P02352,Ad_Emotion
P02353,Ad_Emotion
P02354,Ad_Reason
P02355,Ad_Reason
P02356,Ad_Emotion
P02357,Ad_Reason
P02358,Ad_Emotion
P02359,Control
P02360,Ad_Reason
P02361,Ad_Emotion
P02362,Control
P02363,Control
P02364,Ad_Emotion
P02365,Ad_Reason
P02366,Ad_Emotion
P02367,Control
P02368,Ad_Emotion
P02369,Ad_Reason
P02370,Control
P02371,Ad_Emotion
P02372,Ad_Reason
P02373,Control
P02374,Ad_Reason
P02375,Control
P02376,Ad_Emotion
P02377,Ad_Reason
P02378,Control
P02379,Ad_Reason
P02380,Ad_Reason
P02381,Ad_Emotion
P02382,Ad_Reason
P02383,Control
P02384,Control
P02385,Control
P02386,Control
P02387,Ad_Emotion
P02388,Ad_Reason
P02389,Ad_Emotion
P02390,Ad_Reason
P02391,Ad_Reason
P02392,Ad_Reason
P02393,Ad_Emotion
P02394,Ad_Reason
P02395,Ad_Emotion
P02396,Control
P02397,Control
P02398,Ad_Reason
P02399,Ad_Emotion
P02400,Control
P02401,Ad_Emotion
P02402,Ad_Emotion
P02403,Ad_Reason
P02404,Control
P02405,Ad_Reason
P02406,Ad_Reason
P02407,Control
P02408,Control
P02409,Ad_Emotion
P02410,Control
P02411,Ad_Emotion
P02412,Ad_Emotion
P02413,Ad_Emotion
P02414,Control
P02415,Ad_Reason
P02416,Ad_Emotion
P02417,Ad_Reason
P02418,Ad_Reason
P02419,Control
P02420,Ad_Reason
P02421,Ad_Reason
P02422,Control
P02423,Ad_Emotion
P02424,Ad_Reason
P02425,Control
P02426,Ad_Reason
P02427,Ad_Reason
P02428,Ad_Emotion
P02429,Ad_Reason
P02430,Control
P02431,Ad_Reason
P02432,Ad_Emotion
P02433,Ad_Emotion
P02434,Control
P02435,Ad_Emotion
P02436,Ad_Reason
P02437,Ad_Emotion
P02438,Control
P02439,Ad_Emotion
P02440,Ad_Emotion
P02441,Ad_Emotion
P02442,Control
P02443,Ad_Emotion
P02444,Ad_Emotion
P02445,Ad_Reason
P02446,Control
P02447,Ad_Emotion
P02448,Control
P02449,Ad_Emotion
P02450,Ad_Emotion
P02451,Ad_Emotion
P02452,Ad_Reason
P02453,Ad_Reason
P02454,Ad_Reason
P02455,Control
P02456,Control
P02457,Ad_Reason
P02458,Control
P02459,Ad_Emotion
P02460,Ad_Emotion
P02461,Ad_Emotion
P02462,Ad_Reason
P02463,Control
P02464,Ad_Reason
P02465,Control
P02466,Ad_Emotion
P02467,Ad_Reason
P02468,Control
P02469,Control
P02470,Ad_Emotion
P02471,Ad_Reason
P02472,Ad_Reason
P02473,Ad_Reason
P02474,Ad_Emotion
P02475,Ad_Reason
P02476,Ad_Emotion
P02477,Ad_Emotion
P02478,Ad_Emotion
P02479,Control
P02480,Ad_Reason
P02481,Ad_Reason
P02482,Ad_Emotion
P02483,Ad_Emotion
P02484,Ad_Reason
P02485,Ad_Emotion
P02486,Ad_Reason
P02487,Control
P02488,Ad_Emotion
P02489,Ad_Reason
P02490,Ad_Emotion
P02491,Ad_Reason
P02492,Ad_Reason
P02493,Ad_Emotion
P02494,Control
P02495,Ad_Reason
P02496,Ad_Reason
P02497,Ad_Reason
P02498,Control
P02499,Control
P02500,Ad_Emotion
P02501,Control
P02502,Ad_Emotion
P02503,Ad_Emotion
P02504,Control
P02505,Ad_Emotion
P02506,Control
P02507,Ad_Emotion
P02508,Control
P02509,Control
P02510,Ad_Emotion
P02511,Ad_Reason
P02512,Ad_Emotion
P02513,Control
P02514,Ad_Reason
P02515,Ad_Emotion
P02516,Ad_Emotion
P02517,Ad_Emotion
P02518,Ad_Reason
P02519,Control
P02520,Ad_Emotion
P02521,Ad_Emotion
P02522,Ad_Emotion
P02523,Ad_Emotion
P02524,Ad_Emotion
P02525,Control
P02526,Control
P02527,Ad_Emotion
P02528,Ad_Reason
P02529,Control
P02530,Ad_Reason
P02531,Control
P02532,Ad_Emotion
P02533,Control
P02534,Ad_Emotion
P02535,Control
P02536,Ad_Emotion
P02537,Ad_Emotion
P02538,Ad_Emotion
P02539,Ad_Emotion
P02540,Ad_Reason
P02541,Ad_Emotion
P02542,Ad_Reason
P02543,Ad_Reason
P02544,Ad_Emotion
P02545,Ad_Reason
P02546,Control
P02547,Ad_Emotion
P02548,Ad_Reason
P02549,Ad_Emotion
P02550,Ad_Emotion
P02551,Ad_Emotion
P02552,Ad_Reason
P02553,Control
P02554,Control
P02555,Ad_Reason
P02556,Ad_Emotion
P02557,Ad_Reason
P02558,Ad_Reason
P02559,Ad_Reason
P02560,Ad_Emotion
P02561,Ad_Reason
P02562,Ad_Emotion
P02563,Ad_Reason
P02564,Control
P02565,Ad_Reason
P02566,Ad_Reason
P02567,Control
P02568,Ad_Emotion
P02569,Ad_Emotion
P02570,Ad_Reason
P02571,Control
P02572,Ad_Emotion
P02573,Ad_Reason
P02574,Control
P02575,Ad_Emotion
P02576,Ad_Emotion
P02577,Control
P02578,Control
P02579,Control
P02580,Control
P02581,Ad_Reason
P02582,Control
P02583,Ad_Emotion
P02584,Ad_Emotion
P02585,Ad_Reason
P02586,Ad_Emotion
P02587,Ad_Emotion
P02588,Control
P02589,Ad_Emotion
P02590,Ad_Reason
P02591,Control
P02592,Control
P02593,Ad_Reason
P02594,Control
P02595,Control
P02596,Ad_Reason
P02597,Control
P02598,Ad_Reason
P02599,Ad_Reason
P02600,Ad_Emotion
P02601,Ad_Emotion
P02602,Control
P02603,Control
P02604,Ad_Reason
P02605,Control
P02606,Ad_Reason
P02607,Ad_Reason
P02608,Control
P02609,Ad_Reason
P02610,Ad_Emotion
P02611,Control
P02612,Ad_Emotion
P02613,Control
P02614,Ad_Reason
P02615,Control
P02616,Ad_Emotion
P02617,Ad_Reason
P02618,Control
P02619,Control
P02620,Control
P02621,Ad_Emotion
P02622,Ad_Emotion
P02623,Control
P02624,Ad_Reason
P02625,Ad_Reason
P02626,Ad_Emotion
P02627,Ad_Reason
P02628,Ad_Emotion
P02629,Control
P02630,Ad_Emotion
P02631,Ad_Emotion
P02632,Control
P02633,Ad_Reason
P02634,Ad_Emotion
P02635,Ad_Emotion
P02636,Control
P02637,Ad_Reason
P02638,Ad_Emotion
P02639,Control
P02640,Ad_Emotion
P02641,Control
P02642,Ad_Reason
P02643,Ad_Reason
P02644,Ad_Reason
P02645,Ad_Reason
P02646,Ad_Emotion
P02647,Ad_Emotion
P02648,Ad_Reason
P02649,Ad_Reason
P02650,Ad_Reason
P02651,Ad_Emotion
P02652,Ad_Reason
P02653,Ad_Reason
P02654,Ad_Reason
P02655,Control
P02656,Ad_Reason
P02657,Control
P02658,Control
P02659,Ad_Reason
P02660,Control
P02661,Ad_Reason
P02662,Ad_Emotion
P02663,Ad_Emotion
P02664,Ad_Emotion
P02665,Ad_Emotion
P02666,Control
P02667,Ad_Reason
P02668,Ad_Reason
P02669,Ad_Reason
P02670,Ad_Emotion
P02671,Ad_Emotion
P02672,Ad_Reason
P02673,Ad_Emotion
P02674,Ad_Reason
P02675,Ad_Reason
P02676,Ad_Reason
P02677,Ad_Reason
P02678,Ad_Reason
P02679,Ad_Reason
P02680,Ad_Reason
P02681,Ad_Emotion
P02682,Ad_Reason
P02683,Ad_Reason
P02684,Ad_Emotion
P02685,Ad_Emotion
P02686,Ad_Emotion
P02687,Ad_Reason
P02688,Control
P02689,Control
P02690,Ad_Emotion
P02691,Control
P02692,Ad_Emotion
P02693,Ad_Reason
P02694,Control
P02695,Ad_Reason
P02696,Control
P02697,Ad_Reason
P02698,Control
P02699,Ad_Reason
P02700,Ad_Reason
P02701,Control
P02702,Ad_Reason
P02703,Ad_Reason
P02704,Ad_Reason
P02705,Control
P02706,Control
P02707,Ad_Reason
P02708,Ad_Reason
P02709,Control
P02710,Control
P02711,Ad_Reason
P02712,Ad_Reason
P02713,Ad_Reason
P02714,Ad_Emotion
P02715,Control
P02716,Ad_Emotion
P02717,Control
P02718,Control
P02719,Control
P02720,Control
P02721,Control
P02722,Control
P02723,Control
P02724,Ad_Emotion
P02725,Ad_Reason
P02726,Ad_Reason
P02727,Ad_Emotion
P02728,Ad_Emotion
P02729,Ad_Emotion
P02730,Ad_Emotion
P02731,Control
P02732,Ad_Reason
P02733,Control
P02734,Ad_Reason
P02735,Ad_Reason
P02736,Ad_Emotion
P02737,Control
P02738,Ad_Emotion
P02739,Control
P02740,Ad_Reason
P02741,Ad_Emotion
P02742,Ad_Emotion
P02743,Ad_Reason
P02744,Ad_Reason
P02745,Ad_Reason
P02746,Ad_Emotion
P02747,Control
P02748,Ad_Emotion
P02749,Control
P02750,Ad_Emotion
P02751,Ad_Emotion
P02752,Ad_Reason
P02753,Control
P02754,Ad_Emotion
P02755,Ad_Emotion
P02756,Ad_Reason
P02757,Ad_Reason
P02758,Control
P02759,Ad_Emotion
P02760,Control
P02761,Ad_Emotion
P02762,Control
P02763,Ad_Reason
P02764,Ad_Emotion
P02765,Control
P02766,Ad_Reason
P02767,Ad_Reason
P02768,Control
P02769,Ad_Emotion
P02770,Ad_Emotion
P02771,Ad_Reason
P02772,Ad_Emotion
P02773,Ad_Emotion
P02774,Ad_Emotion
P02775,Ad_Reason
P02776,Control
P02777,Ad_Emotion
P02778,Ad_Reason
P02779,Ad_Reason
P02780,Control
P02781,Ad_Emotion
P02782,Ad_Emotion
P02783,Control
P02784,Control
P02785,Ad_Reason
P02786,Ad_Reason
P02787,Control
P02788,Ad_Emotion
P02789,Ad_Reason
P02790,Ad_Reason
P02791,Ad_Emotion
P02792,Ad_Reason
P02793,Ad_Emotion
P02794,Ad_Emotion
P02795,Ad_Emotion
P02796,Control
P02797,Control
P02798,Control
P02799,Ad_Emotion
P02800,Ad_Emotion
P02801,Control
P02802,Ad_Reason
P02803,Ad_Emotion
P02804,Ad_Reason
P02805,Ad_Reason
P02806,Ad_Emotion
P02807,Ad_Emotion
P02808,Ad_Reason
P02809,Ad_Reason
P02810,Control
P02811,Control
P02812,Ad_Emotion
P02813,Control
P02814,Control
P02815,Control
P02816,Control
P02817,Ad_Reason
P02818,Ad_Emotion
P02819,Control
P02820,Ad_Reason
P02821,Ad_Reason
P02822,Ad_Reason
P02823,Control
P02824,Control
P02825,Ad_Emotion
P02826,Control
P02827,Control
P02828,Ad_Reason
P02829,Ad_Emotion
P02830,Control
P02831,Control
P02832,Ad_Reason
P02833,Ad_Reason
P02834,Control
P02835,Ad_Emotion
P02836,Ad_Emotion
P02837,Ad_Reason
P02838,Ad_Reason
P02839,Control
P02840,Ad_Reason
P02841,Control
P02842,Ad_Emotion
P02843,Ad_Emotion
P02844,Control
P02845,Ad_Reason
P02846,Ad_Emotion
P02847,Ad_Reason
P02848,Ad_Emotion
P02849,Control
P02850,Control
P02851,Control
P02852,Ad_Emotion
P02853,Ad_Reason
P02854,Ad_Reason
P02855,Ad_Reason
P02856,Ad_Emotion
P02857,Ad_Emotion
P02858,Ad_Emotion
P02859,Ad_Emotion
P02860,Ad_Emotion
P02861,Ad_Reason
P02862,Ad_Emotion
P02863,Ad_Emotion
P02864,Ad_Reason
P02865,Ad_Emotion
P02866,Ad_Reason
P02867,Ad_Reason
P02868,Control
P02869,Control
P02870,Control
P02871,Control
P02872,Ad_Emotion
P02873,Control
P02874,Ad_Reason
P02875,Ad_Emotion
P02876,Control
P02877,Ad_Reason
P02878,Ad_Emotion
P02879,Ad_Emotion
P02880,Control
P02881,Ad_Emotion
P02882,Ad_Reason
P02883,Ad_Emotion
P02884,Ad_Reason
P02885,Ad_Emotion
P02886,Control
P02887,Ad_Reason
P02888,Ad_Emotion
P02889,Ad_Emotion
P02890,Ad_Emotion
P02891,Ad_Reason
P02892,Ad_Reason
P02893,Ad_Reason
P02894,Control
P02895,Control
P02896,Ad_Reason
P02897,Ad_Emotion
P02898,Control
P02899,Ad_Reason
P02900,Ad_Emotion
P02901,Control
P02902,Ad_Emotion
P02903,Ad_Emotion
P02904,Ad_Emotion
P02905,Ad_Emotion
P02906,Control
P02907,Control
P02908,Control
P02909,Ad_Reason
P02910,Control
P02911,Ad_Emotion
P02912,Control
P02913,Ad_Emotion
P02914,Ad_Reason
P02915,Ad_Emotion
P02916,Ad_Emotion
P02917,Ad_Emotion
P02918,Ad_Reason
P02919,Control
P02920,Control
P02921,Ad_Reason
P02922,Ad_Emotion
P02923,Control
P02924,Ad_Reason
P02925,Control
P02926,Ad_Reason
P02927,Ad_Emotion
P02928,Control
P02929,Ad_Reason
P02930,Control
P02931,Control
P02932,Control
P02933,Control
P02934,Ad_Reason
P02935,Ad_Emotion
P02936,Ad_Reason
P02937,Ad_Reason
P02938,Ad_Reason
P02939,Ad_Emotion
P02940,Control
P02941,Control
P02942,Control
P02943,Ad_Emotion
P02944,Control
P02945,Ad_Emotion
P02946,Control
P02947,Control
P02948,Ad_Reason
P02949,Ad_Emotion
P02950,Ad_Reason
P02951,Ad_Reason
P02952,Ad_Reason
P02953,Ad_Emotion
P02954,Ad_Emotion
P02955,Control
P02956,Ad_Reason
P02957,Control
P02958,Ad_Reason
P02959,Ad_Emotion
P02960,Ad_Emotion
P02961,Ad_Emotion
P02962,Ad_Reason
P02963,Ad_Emotion
P02964,Ad_Reason
P02965,Control
P02966,Ad_Reason
P02967,Control
P02968,Ad_Reason
P02969,Control
P02970,Ad_Emotion
P02971,Control
P02972,Ad_Emotion
P02973,Ad_Emotion
P02974,Control
P02975,Ad_Reason
P02976,Ad_Reason
P02977,Ad_Reason
P02978,Ad_Reason
P02979,Ad_Reason
P02980,Ad_Emotion
P02981,Ad_Reason
P02982,Ad_Emotion
P02983,Ad_Emotion
P02984,Ad_Emotion
P02985,Control
P02986,Control
P02987,Ad_Emotion
P02988,Control
P02989,Ad_Reason
P02990,Ad_Reason
P02991,Ad_Emotion
P02992,Ad_Reason
P02993,Ad_Emotion
P02994,Ad_Emotion
P02995,Ad_Reason
P02996,Control
P02997,Ad_Reason
P02998,Ad_Reason
P02999,Ad_Emotion
P03000,Ad_Emotion
P03001,Ad_Emotion
P03002,Ad_Emotion
P03003,Control
P03004,Control
P03005,Control
P03006,Ad_Emotion
P03007,Ad_Emotion
P03008,Ad_Emotion
P03009,Control
P03010,Ad_Emotion
P03011,Ad_Reason
P03012,Ad_Reason
P03013,Ad_Emotion
P03014,Ad_Reason
P03015,Ad_Reason
P03016,Control
P03017,Ad_Emotion
P03018,Ad_Emotion
P03019,Control
P03020,Ad_Reason
P03021,Ad_Reason
P03022,Ad_Emotion
P03023,Ad_Reason
P03024,Control
P03025,Control
P03026,Ad_Emotion
P03027,Control
P03028,Control
P03029,Ad_Emotion
P03030,Control
P03031,Control
P03032,Control
P03033,Ad_Reason
P03034,Ad_Emotion
P03035,Ad_Emotion
P03036,Ad_Emotion
P03037,Ad_Reason
P03038,Ad_Reason
P03039,Ad_Emotion
P03040,Ad_Reason
P03041,Ad_Emotion
P03042,Ad_Reason
P03043,Control
P03044,Control
P03045,Ad_Emotion
P03046,Ad_Reason
P03047,Ad_Reason
P03048,Control
P03049,Control
P03050,Ad_Reason
P03051,Ad_Reason
P03052,Ad_Reason
P03053,Ad_Reason
P03054,Ad_Reason
P03055,Ad_Reason
P03056,Ad_Emotion
P03057,Ad_Reason
P03058,Control
P03059,Ad_Emotion
P03060,Ad_Reason
P03061,Control
P03062,Ad_Emotion
P03063,Control
P03064,Ad_Reason
P03065,Ad_Reason
P03066,Ad_Reason
P03067,Ad_Reason
P03068,Ad_Emotion
P03069,Ad_Emotion
P03070,Control
P03071,Ad_Reason
P03072,Control
P03073,Ad_Emotion
P03074,Ad_Reason
P03075,Ad_Reason
P03076,Ad_Emotion
P03077,Ad_Emotion
P03078,Ad_Emotion
P03079,Ad_Emotion
P03080,Ad_Emotion
P03081,Ad_Reason
P03082,Ad_Emotion
P03083,Ad_Reason
P03084,Ad_Reason
P03085,Ad_Emotion
P03086,Ad_Emotion
P03087,Ad_Reason
P03088,Ad_Emotion
P03089,Ad_Emotion
P03090,Ad_Emotion
P03091,Control
P03092,Ad_Reason
P03093,Control
P03094,Ad_Emotion
P03095,Control
P03096,Ad_Emotion
P03097,Control
P03098,Ad_Emotion
P03099,Control
P03100,Control
P03101,Control
P03102,Ad_Reason
P03103,Control
P03104,Ad_Reason
P03105,Ad_Emotion
P03106,Control
P03107,Ad_Emotion
P03108,Ad_Emotion
P03109,Control
P03110,Ad_Reason
P03111,Control
P03112,Ad_Emotion
P03113,Ad_Emotion
P03114,Control
P03115,Ad_Reason
P03116,Ad_Reason
P03117,Ad_Emotion
P03118,Ad_Emotion
P03119,Ad_Reason
P03120,Control
P03121,Ad_Emotion
P03122,Ad_Reason
P03123,Ad_Emotion
P03124,Control
P03125,Ad_Reason
P03126,Ad_Emotion
P03127,Control
P03128,Ad_Emotion
P03129,Control
P03130,Control
P03131,Ad_Reason
P03132,Control
P03133,Ad_Emotion
P03134,Control
P03135,Control
P03136,Ad_Reason
P03137,Control
P03138,Control
P03139,Ad_Emotion
P03140,Ad_Reason
P03141,Ad_Reason
P03142,Ad_Reason
P03143,Control
P03144,Ad_Reason
P03145,Control
P03146,Control
P03147,Ad_Emotion
P03148,Ad_Emotion
P03149,Ad_Emotion
P03150,Ad_Emotion
P03151,Ad_Emotion
P03152,Control
P03153,Control
P03154,Ad_Reason
P03155,Control
P03156,Control
P03157,Ad_Emotion
P03158,Control
P03159,Ad_Emotion
P03160,Ad_Reason
P03161,Ad_Reason
P03162,Control
P03163,Ad_Reason
P03164,Control
P03165,Ad_Reason
P03166,Ad_Emotion
P03167,Ad_Emotion
P03168,Ad_Emotion
P03169,Ad_Emotion
P03170,Control
P03171,Ad_Reason
P03172,Control
P03173,Ad_Emotion
P03174,Control
P03175,Ad_Reason
P03176,Control
P03177,Ad_Reason
P03178,Control
P03179,Ad_Reason
P03180,Ad_Reason
P03181,Ad_Emotion
P03182,Ad_Reason
P03183,Ad_Emotion
P03184,Ad_Emotion
P03185,Ad_Emotion
P03186,Control
P03187,Control
P03188,Control
P03189,Control
P03190,Ad_Reason
P03191,Ad_Reason
P03192,Control
P03193,Ad_Reason
P03194,Ad_Reason
P03195,Ad_Emotion
P03196,Ad_Emotion
P03197,Ad_Emotion
P03198,Ad_Emotion
P03199,Ad_Reason
P03200,Control
P03201,Ad_Reason
P03202,Ad_Reason
P03203,Ad_Reason
P03204,Ad_Emotion
P03205,Ad_Emotion
P03206,Ad_Emotion
P03207,Control
P03208,Ad_Reason
P03209,Control
P03210,Ad_Emotion
P03211,Control
P03212,Ad_Reason
P03213,Ad_Reason
P03214,Ad_Emotion
P03215,Ad_Emotion
P03216,Control
P03217,Ad_Emotion
P03218,Ad_Emotion
P03219,Ad_Reason
P03220,Ad_Emotion
P03221,Ad_Emotion
P03222,Ad_Reason
P03223,Ad_Reason
P03224,Control
P03225,Ad_Emotion
P03226,Ad_Reason
P03227,Control
P03228,Control
P03229,Ad_Emotion
P03230,Ad_Emotion
P03231,Control
P03232,Ad_Reason
P03233,Control
P03234,Ad_Emotion
P03235,Ad_Reason
P03236,Ad_Reason
P03237,Control
P03238,Ad_Emotion
P03239,Control
P03240,Control
P03241,Control
P03242,Ad_Reason
P03243,Ad_Reason
P03244,Ad_Emotion
P03245,Ad_Emotion
P03246,Control
P03247,Control
P03248,Control
P03249,Ad_Emotion
P03250,Ad_Reason
P03251,Ad_Reason
P03252,Control
P03253,Control
P03254,Control
P03255,Control
P03256,Ad_Emotion
P03257,Ad_Reason
P03258,Control
P03259,Ad_Emotion
P03260,Control
P03261,Control
P03262,Ad_Reason
P03263,Control
P03264,Ad_Reason
P03265,Ad_Reason
P03266,Ad_Reason
P03267,Ad_Emotion
P03268,Ad_Emotion
P03269,Ad_Reason
P03270,Control
P03271,Ad_Reason
P03272,Control
P03273,Ad_Reason
P03274,Control
P03275,Ad_Emotion
P03276,Control
P03277,Ad_Reason
P03278,Ad_Emotion
P03279,Control
P03280,Control
P03281,Control
P03282,Control
P03283,Control
P03284,Ad_Emotion
P03285,Ad_Emotion
P03286,Ad_Emotion
P03287,Ad_Emotion
P03288,Ad_Reason
P03289,Ad_Emotion
P03290,Control
P03291,Control
P03292,Ad_Emotion
P03293,Control
P03294,Ad_Emotion
P03295,Control
P03296,Ad_Reason
P03297,Ad_Reason
P03298,Ad_Emotion
P03299,Ad_Emotion
P03300,Ad_Emotion
P03301,Control
P03302,Ad_Emotion
P03303,Ad_Reason
P03304,Control
P03305,Ad_Emotion
P03306,Control
P03307,Control
P03308,Ad_Emotion
P03309,Control
P03310,Ad_Reason
P03311,Ad_Reason
P03312,Control
P03313,Ad_Emotion
P03314,Control
P03315,Ad_Reason
P03316,Control
P03317,Control
P03318,Ad_Reason
P03319,Control
P03320,Control
P03321,Ad_Emotion
P03322,Ad_Emotion
P03323,Ad_Reason
P03324,Ad_Reason
P03325,Ad_Reason
P03326,Ad_Emotion
P03327,Ad_Reason
P03328,Ad_Reason
P03329,Ad_Reason
P03330,Ad_Emotion
P03331,Control
P03332,Ad_Reason
P03333,Control
P03334,Ad_Reason
P03335,Control
P03336,Ad_Emotion
P03337,Ad_Emotion
P03338,Ad_Reason
P03339,Control
P03340,Ad_Emotion
P03341,Ad_Reason
P03342,Ad_Reason
P03343,Ad_Emotion
P03344,Ad_Emotion
P03345,Ad_Reason
P03346,Control
P03347,Control
P03348,Control
P03349,Ad_Reason
P03350,Ad_Emotion
P03351,Ad_Reason
P03352,Ad_Emotion
P03353,Control
P03354,Control
P03355,Ad_Emotion
P03356,Ad_Emotion
P03357,Ad_Reason
P03358,Control
P03359,Ad_Reason
P03360,Ad_Reason
P03361,Ad_Reason
P03362,Control
P03363,Ad_Reason
P03364,Ad_Reason
P03365,Ad_Reason
P03366,Ad_Reason
P03367,Ad_Reason
P03368,Ad_Reason
P03369,Control
P03370,Ad_Reason
P03371,Ad_Emotion
P03372,Ad_Reason
P03373,Ad_Reason
P03374,Control
P03375,Control
P03376,Ad_Emotion
P03377,Ad_Emotion
P03378,Control
P03379,Control
P03380,Ad_Reason
P03381,Control
P03382,Ad_Emotion
P03383,Ad_Reason
P03384,Ad_Emotion
P03385,Ad_Reason
P03386,Control
P03387,Ad_Emotion
P03388,Ad_Reason
P03389,Ad_Reason
P03390,Control
P03391,Control
P03392,Control
P03393,Ad_Emotion
P03394,Ad_Reason
P03395,Control
P03396,Ad_Emotion
P03397,Ad_Emotion
P03398,Ad_Emotion
P03399,Control
P03400,Control
P03401,Ad_Reason
P03402,Ad_Reason
P03403,Control
P03404,Ad_Emotion
P03405,Ad_Emotion
P03406,Ad_Emotion
P03407,Ad_Reason
P03408,Ad_Emotion
P03409,Ad_Reason
P03410,Ad_Reason
P03411,Ad_Emotion
P03412,Ad_Emotion
P03413,Control
P03414,Control
P03415,Ad_Emotion
P03416,Ad_Reason
P03417,Ad_Reason
P03418,Ad_Reason
P03419,Ad_Reason
P03420,Ad_Reason
P03421,Control
P03422,Ad_Emotion
P03423,Control
P03424,Ad_Reason
P03425,Ad_Reason
P03426,Ad_Reason
P03427,Ad_Reason
P03428,Ad_Emotion
P03429,Ad_Reason
P03430,Ad_Emotion
P03431,Ad_Reason
P03432,Ad_Emotion
P03433,Control
P03434,Ad_Reason
P03435,Ad_Emotion
P03436,Control
P03437,Ad_Reason
P03438,Ad_Reason
P03439,Ad_Reason
P03440,Ad_Emotion
P03441,Ad_Emotion
P03442,Control
P03443,Ad_Emotion
P03444,Ad_Emotion
P03445,Ad_Reason
P03446,Ad_Reason
P03447,Ad_Reason
P03448,Ad_Reason
P03449,Ad_Reason
P03450,Ad_Reason
P03451,Ad_Reason
P03452,Control
P03453,Control
P03454,Control
P03455,Control
P03456,Ad_Reason
P03457,Control
P03458,Ad_Reason
P03459,Control
P03460,Ad_Emotion
P03461,Control
P03462,Control
P03463,Ad_Reason
P03464,Control
P03465,Ad_Emotion
P03466,Ad_Reason
P03467,Ad_Reason
P03468,Control
P03469,Ad_Reason
P03470,Ad_Reason
P03471,Ad_Reason
P03472,Ad_Reason
P03473,Ad_Reason
P03474,Ad_Reason
P03475,Ad_Emotion
P03476,Control
P03477,Ad_Emotion
P03478,Ad_Reason
P03479,Ad_Reason
P03480,Control
P03481,Ad_Emotion
P03482,Control
P03483,Ad_Emotion
P03484,Ad_Reason
P03485,Control
P03486,Control
P03487,Ad_Reason
P03488,Control
P03489,Ad_Emotion
P03490,Ad_Emotion
P03491,Ad_Emotion
P03492,Ad_Emotion
P03493,Ad_Reason
P03494,Control
P03495,Ad_Emotion
P03496,Ad_Reason
P03497,Control
P03498,Control
P03499,Ad_Reason
P03500,Ad_Reason
P03501,Ad_Emotion
P03502,Control
P03503,Control
P03504,Ad_Reason
P03505,Control
P03506,Ad_Emotion
P03507,Control
P03508,Ad_Reason
P03509,Ad_Reason
P03510,Ad_Emotion
P03511,Ad_Emotion
P03512,Control
P03513,Control
P03514,Ad_Reason
P03515,Ad_Emotion
P03516,Ad_Emotion
P03517,Ad_Emotion
P03518,Control
P03519,Ad_Emotion
P03520,Ad_Reason
P03521,Ad_Reason
P03522,Control
P03523,Control
P03524,Ad_Emotion
P03525,Control
P03526,Ad_Reason
P03527,Ad_Emotion
P03528,Ad_Reason
P03529,Ad_Emotion
P03530,Control
P03531,Ad_Emotion
P03532,Ad_Emotion
P03533,Ad_Reason
P03534,Ad_Reason
P03535,Ad_Emotion
P03536,Control
P03537,Control
P03538,Ad_Reason
P03539,Control
P03540,Ad_Reason
P03541,Control
P03542,Ad_Emotion
P03543,Ad_Reason
P03544,Ad_Reason
P03545,Ad_Emotion
P03546,Ad_Reason
P03547,Control
P03548,Control
P03549,Ad_Reason
P03550,Control
P03551,Ad_Reason
P03552,Ad_Emotion
P03553,Ad_Reason
P03554,Ad_Emotion
P03555,Control
P03556,Ad_Emotion
P03557,Control
P03558,Ad_Reason
P03559,Control
P03560,Ad_Reason
P03561,Ad_Reason
P03562,Ad_Emotion
P03563,Ad_Emotion
P03564,Ad_Emotion
P03565,Ad_Emotion
P03566,Control
P03567,Control
P03568,Control
P03569,Ad_Reason
P03570,Control
P03571,Control
P03572,Control
P03573,Ad_Emotion
P03574,Control
P03575,Ad_Reason
P03576,Ad_Emotion
P03577,Ad_Reason
P03578,Control
P03579,Ad_Emotion
P03580,Ad_Reason
P03581,Control
P03582,Ad_Reason
P03583,Ad_Reason
P03584,Ad_Reason
P03585,Control
P03586,Control
P03587,Ad_Reason
P03588,Ad_Emotion
P03589,Ad_Emotion
P03590,Control
P03591,Control
P03592,Control
P03593,Control
P03594,Control
P03595,Ad_Emotion
P03596,Control
P03597,Ad_Reason
P03598,Ad_Reason
P03599,Ad_Emotion
P03600,Ad_Reason
P03601,Ad_Emotion
P03602,Ad_Emotion
P03603,Ad_Reason
P03604,Control
P03605,Ad_Reason
P03606,Ad_Reason
P03607,Ad_Emotion
P03608,Ad_Reason
P03609,Ad_Emotion
P03610,Control
P03611,Control
P03612,Control
P03613,Ad_Reason
P03614,Ad_Emotion
P03615,Control
P03616,Ad_Emotion
P03617,Ad_Emotion
P03618,Control
P03619,Control
P03620,Ad_Emotion
P03621,Control
P03622,Ad_Emotion
P03623,Ad_Emotion
P03624,Control
P03625,Ad_Reason
P03626,Control
P03627,Ad_Reason
P03628,Ad_Emotion
P03629,Ad_Emotion
P03630,Ad_Reason
P03631,Ad_Emotion
P03632,Ad_Reason
P03633,Ad_Reason
P03634,Ad_Emotion
P03635,Ad_Reason
P03636,Control
P03637,Control
P03638,Ad_Emotion
P03639,Ad_Emotion
P03640,Ad_Reason
P03641,Ad_Reason
P03642,Ad_Reason
P03643,Ad_Reason
P03644,Control
P03645,Control
P03646,Ad_Emotion
P03647,Ad_Reason
P03648,Ad_Reason
P03649,Ad_Emotion
P03650,Ad_Reason
P03651,Ad_Reason
P03652,Ad_Reason
P03653,Ad_Reason
P03654,Ad_Reason
P03655,Ad_Emotion
P03656,Ad_Reason
P03657,Ad_Emotion
P03658,Ad_Reason
P03659,Control
P03660,Control
P03661,Control
P03662,Control
P03663,Ad_Emotion
P03664,Ad_Emotion
P03665,Ad_Reason
P03666,Control
P03667,Ad_Emotion
P03668,Ad_Reason
P03669,Ad_Reason
P03670,Ad_Emotion
P03671,Control
P03672,Ad_Reason
P03673,Control
P03674,Control
P03675,Control
P03676,Ad_Reason
P03677,Control
P03678,Ad_Reason
P03679,Control
P03680,Ad_Reason
P03681,Control
P03682,Ad_Emotion
P03683,Control
P03684,Control
P03685,Ad_Reason
P03686,Ad_Reason
P03687,Control
P03688,Ad_Emotion
P03689,Ad_Emotion
P03690,Ad_Reason
P03691,Ad_Emotion
P03692,Control
P03693,Ad_Reason
P03694,Control
P03695,Ad_Reason
P03696,Ad_Reason
P03697,Ad_Reason
P03698,Ad_Reason
P03699,Ad_Emotion
P03700,Control
P03701,Control
P03702,Control
P03703,Ad_Reason
P03704,Ad_Emotion
P03705,Control
P03706,Ad_Emotion
P03707,Ad_Reason
P03708,Control
P03709,Ad_Emotion
P03710,Ad_Reason
P03711,Ad_Emotion
P03712,Control
P03713,Control
P03714,Ad_Reason
P03715,Ad_Reason
P03716,Ad_Reason
P03717,Ad_Emotion
P03718,Ad_Emotion
P03719,Ad_Emotion
P03720,Ad_Reason
P03721,Control
P03722,Control
P03723,Ad_Emotion
P03724,Ad_Emotion
P03725,Control
P03726,Control
P03727,Ad_Emotion
P03728,Ad_Emotion
P03729,Control
P03730,Ad_Reason
P03731,Ad_Emotion
P03732,Control
P03733,Control
P03734,Control
P03735,Control
P03736,Ad_Reason
P03737,Control
P03738,Ad_Emotion
P03739,Ad_Reason
P03740,Control
P03741,Ad_Reason
P03742,Ad_Emotion
P03743,Control
P03744,Ad_Emotion
P03745,Control
P03746,Control
P03747,Control
P03748,Control
P03749,Control
P03750,Ad_Reason
P03751,Control
P03752,Control
P03753,Ad_Reason
P03754,Ad_Reason
P03755,Ad_Reason
P03756,Ad_Reason
P03757,Ad_Reason
P03758,Ad_Reason
P03759,Control
P03760,Control
P03761,Ad_Emotion
P03762,Control
P03763,Control
P03764,Ad_Reason
P03765,Ad_Reason
P03766,Control
P03767,Ad_Emotion
P03768,Ad_Reason
P03769,Control
P03770,Control
P03771,Ad_Emotion
P03772,Ad_Emotion
P03773,Ad_Reason
P03774,Ad_Emotion
P03775,Control
P03776,Control
P03777,Ad_Emotion
P03778,Ad_Emotion
P03779,Ad_Emotion
P03780,Ad_Emotion
P03781,Ad_Reason
P03782,Ad_Emotion
P03783,Ad_Reason
P03784,Control
P03785,Ad_Emotion
P03786,Ad_Reason
P03787,Ad_Emotion
P03788,Control
P03789,Control
P03790,Control
P03791,Ad_Emotion
P03792,Ad_Emotion
P03793,Ad_Reason
P03794,Control
P03795,Ad_Emotion
P03796,Control
P03797,Control
P03798,Ad_Reason
P03799,Ad_Reason
P03800,Ad_Reason
P03801,Ad_Reason
P03802,Control
P03803,Ad_Reason
P03804,Ad_Reason
P03805,Ad_Reason
P03806,Ad_Reason
P03807,Control
P03808,Ad_Reason
P03809,Control
P03810,Ad_Emotion
P03811,Control
P03812,Control
P03813,Ad_Reason
P03814,Ad_Emotion
P03815,Ad_Emotion
P03816,Ad_Emotion
P03817,Ad_Emotion
P03818,Control
P03819,Ad_Emotion
P03820,Control
P03821,Control
P03822,Control
P03823,Ad_Emotion
P03824,Ad_Reason
P03825,Ad_Reason
P03826,Ad_Emotion
P03827,Ad_Reason
P03828,Ad_Reason
P03829,Control
P03830,Control
P03831,Ad_Emotion
P03832,Ad_Emotion
P03833,Ad_Reason
P03834,Control
P03835,Ad_Emotion
P03836,Ad_Emotion
P03837,Ad_Emotion
P03838,Ad_Emotion
P03839,Ad_Emotion
P03840,Ad_Emotion
P03841,Ad_Reason
P03842,Control
P03843,Control
P03844,Ad_Emotion
P03845,Control
P03846,Control
P03847,Control
P03848,Ad_Emotion
P03849,Ad_Emotion
P03850,Control
P03851,Control
P03852,Ad_Emotion
P03853,Ad_Reason
P03854,Control
P03855,Ad_Reason
P03856,Control
P03857,Ad_Reason
P03858,Ad_Reason
P03859,Ad_Reason
P03860,Ad_Emotion
P03861,Ad_Reason
P03862,Ad_Reason
P03863,Ad_Reason
P03864,Control
P03865,Ad_Reason
P03866,Control
P03867,Ad_Reason
P03868,Ad_Reason
P03869,Ad_Emotion
P03870,Control
P03871,Ad_Reason
P03872,Control
P03873,Control
P03874,Ad_Emotion
P03875,Ad_Emotion
P03876,Ad_Emotion
P03877,Ad_Emotion
P03878,Ad_Emotion
P03879,Ad_Emotion
P03880,Ad_Emotion
P03881,Ad_Emotion
P03882,Ad_Reason
P03883,Control
P03884,Ad_Emotion
P03885,Ad_Emotion
P03886,Control
P03887,Ad_Reason
P03888,Control
P03889,Control
P03890,Ad_Emotion
P03891,Control
P03892,Control
P03893,Ad_Emotion
P03894,Ad_Emotion
P03895,Ad_Emotion
P03896,Ad_Emotion
P03897,Control
P03898,Control
P03899,Ad_Reason
P03900,Ad_Reason
P03901,Control
P03902,Ad_Reason
P03903,Control
P03904,Ad_Reason
P03905,Ad_Emotion
P03906,Ad_Reason
P03907,Ad_Emotion
P03908,Ad_Emotion
P03909,Ad_Emotion
P03910,Ad_Emotion
P03911,Ad_Reason
P03912,Control
P03913,Ad_Emotion
P03914,Ad_Reason
P03915,Ad_Emotion
P03916,Ad_Reason
P03917,Ad_Reason
P03918,Ad_Reason
P03919,Control
P03920,Ad_Reason
P03921,Ad_Reason
P03922,Control
P03923,Control
P03924,Ad_Reason
P03925,Control
P03926,Ad_Emotion
P03927,Ad_Emotion
P03928,Control
P03929,Control
P03930,Ad_Reason
P03931,Control
P03932,Ad_Reason
P03933,Ad_Emotion
P03934,Control
P03935,Ad_Reason
P03936,Ad_Reason
P03937,Ad_Emotion
P03938,Control
P03939,Ad_Emotion
P03940,Ad_Reason
P03941,Ad_Reason
P03942,Control
P03943,Ad_Reason
P03944,Control
P03945,Ad_Emotion
P03946,Control
P03947,Control
P03948,Ad_Reason
P03949,Ad_Reason
P03950,Control
P03951,Ad_Reason
P03952,Ad_Reason
P03953,Ad_Reason
P03954,Control
P03955,Ad_Reason
P03956,Control
P03957,Ad_Reason
P03958,Ad_Emotion
P03959,Ad_Reason
P03960,Ad_Reason
P03961,Control
P03962,Control
P03963,Ad_Reason
P03964,Ad_Emotion
P03965,Ad_Reason
P03966,Ad_Reason
P03967,Ad_Emotion
P03968,Control
P03969,Ad_Reason
P03970,Control
P03971,Control
P03972,Ad_Emotion
P03973,Ad_Emotion
P03974,Control
P03975,Ad_Reason
P03976,Control
P03977,Ad_Reason
P03978,Ad_Reason
P03979,Ad_Emotion
P03980,Ad_Reason
P03981,Ad_Reason
P03982,Control
P03983,Ad_Emotion
P03984,Ad_Reason
P03985,Ad_Reason
P03986,Ad_Emotion
P03987,Control
P03988,Ad_Emotion
P03989,Ad_Emotion
P03990,Ad_Reason
P03991,Ad_Reason
P03992,Control
P03993,Ad_Reason
P03994,Ad_Reason
P03995,Ad_Emotion
P03996,Ad_Reason
P03997,Control
P03998,Ad_Emotion
P03999,Control
P04000,Ad_Emotion
P04001,Ad_Reason
P04002,Ad_Emotion
P04003,Ad_Emotion
P04004,Ad_Reason
P04005,Ad_Reason
P04006,Control
P04007,Control
P04008,Ad_Reason
P04009,Ad_Reason
P04010,Ad_Reason
P04011,Ad_Emotion
P04012,Ad_Emotion
P04013,Ad_Emotion
P04014,Ad_Reason
P04015,Control
P04016,Ad_Reason
P04017,Ad_Emotion
P04018,Ad_Emotion
P04019,Ad_Reason
P04020,Ad_Reason
P04021,Ad_Emotion
P04022,Ad_Emotion
P04023,Ad_Emotion
P04024,Ad_Reason
P04025,Ad_Emotion
P04026,Ad_Emotion
P04027,Control
P04028,Ad_Reason
P04029,Control
P04030,Control
P04031,Ad_Emotion
P04032,Ad_Reason
P04033,Ad_Emotion
P04034,Ad_Reason
P04035,Control
P04036,Ad_Reason
P04037,Ad_Emotion
P04038,Ad_Emotion
P04039,Ad_Emotion
P04040,Ad_Reason
P04041,Control
P04042,Control
P04043,Ad_Reason
P04044,Ad_Emotion
P04045,Control
P04046,Ad_Emotion
P04047,Ad_Reason
P04048,Ad_Emotion
P04049,Control
P04050,Control
P04051,Ad_Emotion
P04052,Ad_Reason
P04053,Ad_Emotion
P04054,Ad_Reason
P04055,Ad_Emotion
P04056,Control
P04057,Ad_Reason
P04058,Ad_Reason
P04059,Ad_Reason
P04060,Control
P04061,Ad_Emotion
P04062,Control
P04063,Ad_Reason
P04064,Ad_Emotion
P04065,Control
P04066,Ad_Reason
P04067,Ad_Reason
P04068,Control
P04069,Control
P04070,Control
P04071,Ad_Reason
P04072,Control
P04073,Ad_Reason
P04074,Control
P04075,Ad_Reason
P04076,Ad_Reason
P04077,Ad_Emotion
P04078,Control
P04079,Control
P04080,Ad_Reason
P04081,Ad_Reason
P04082,Ad_Reason
P04083,Ad_Emotion
P04084,Ad_Emotion
P04085,Ad_Reason
P04086,Control
P04087,Control
P04088,Ad_Emotion
P04089,Ad_Emotion
P04090,Ad_Reason
P04091,Control
P04092,Ad_Reason
P04093,Ad_Emotion
P04094,Control
P04095,Control
P04096,Ad_Emotion
P04097,Ad_Reason
P04098,Ad_Reason
P04099,Control
P04100,Ad_Emotion
P04101,Control
P04102,Ad_Emotion
P04103,Ad_Reason
P04104,Ad_Emotion
P04105,Ad_Reason
P04106,Ad_Emotion
P04107,Control
P04108,Ad_Reason
P04109,Control
P04110,Control
P04111,Ad_Reason
P04112,Ad_Reason
P04113,Control
P04114,Control
P04115,Control
P04116,Control
P04117,Ad_Reason
P04118,Ad_Reason
P04119,Control
P04120,Ad_Emotion
P04121,Ad_Emotion
P04122,Ad_Reason
P04123,Control
P04124,Control
P04125,Ad_Reason
P04126,Ad_Emotion
P04127,Ad_Emotion
P04128,Ad_Emotion
P04129,Ad_Reason
P04130,Ad_Emotion
P04131,Ad_Reason
P04132,Ad_Reason
P04133,Control
P04134,Ad_Emotion
P04135,Ad_Reason
P04136,Ad_Emotion
P04137,Ad_Emotion
P04138,Control
P04139,Ad_Emotion
P04140,Control
P04141,Ad_Reason
P04142,Ad_Emotion
P04143,Ad_Reason
P04144,Ad_Emotion
P04145,Ad_Reason
P04146,Ad_Emotion
P04147,Ad_Emotion
P04148,Ad_Emotion
P04149,Ad_Emotion
P04150,Ad_Emotion
P04151,Ad_Emotion
P04152,Ad_Emotion
P04153,Ad_Emotion
P04154,Ad_Emotion
P04155,Ad_Reason
P04156,Control
P04157,Ad_Emotion
P04158,Control
P04159,Ad_Emotion
P04160,Ad_Emotion
P04161,Ad_Reason
P04162,Ad_Reason
P04163,Control
P04164,Ad_Reason
P04165,Ad_Reason
P04166,Control
P04167,Ad_Reason
P04168,Ad_Emotion
P04169,Control
P04170,Control
P04171,Ad_Emotion
P04172,Ad_Reason
P04173,Control
P04174,Control
P04175,Ad_Emotion
P04176,Ad_Emotion
P04177,Ad_Reason
P04178,Control
P04179,Ad_Reason
P04180,Ad_Reason
P04181,Ad_Emotion
P04182,Control
P04183,Control
P04184,Control
P04185,Ad_Emotion
P04186,Ad_Emotion
P04187,Ad_Emotion
P04188,Ad_Emotion
P04189,Ad_Emotion
P04190,Control
P04191,Ad_Reason
P04192,Control
P04193,Ad_Reason
P04194,Ad_Emotion
P04195,Ad_Reason
P04196,Control
P04197,Control
P04198,Ad_Reason
P04199,Ad_Emotion
P04200,Ad_Emotion
P04201,Control
P04202,Ad_Reason
P04203,Ad_Emotion
P04204,Ad_Emotion
P04205,Control
P04206,Ad_Emotion
P04207,Ad_Reason
P04208,Control
P04209,Control
P04210,Ad_Reason
P04211,Control
P04212,Ad_Emotion
P04213,Ad_Emotion
P04214,Ad_Reason
P04215,Ad_Emotion
P04216,Ad_Reason
P04217,Ad_Reason
P04218,Ad_Emotion
P04219,Ad_Reason
P04220,Ad_Emotion
P04221,Control
P04222,Control
P04223,Ad_Reason
P04224,Ad_Emotion
P04225,Ad_Emotion
P04226,Control
P04227,Control
P04228,Ad_Emotion
P04229,Ad_Reason
P04230,Control
P04231,Ad_Reason
P04232,Ad_Reason
P04233,Control
P04234,Ad_Reason
P04235,Ad_Reason
P04236,Ad_Emotion
P04237,Ad_Reason
P04238,Ad_Emotion
P04239,Control
P04240,Control
P04241,Ad_Emotion
P04242,Control
P04243,Ad_Reason
P04244,Ad_Reason
P04245,Ad_Reason
P04246,Control
P04247,Ad_Reason
P04248,Control
P04249,Ad_Reason
P04250,Ad_Emotion
P04251,Control
P04252,Control
P04253,Ad_Reason
P04254,Control
P04255,Control
P04256,Ad_Emotion
P04257,Ad_Emotion
P04258,Ad_Reason
P04259,Ad_Emotion
P04260,Ad_Reason
P04261,Ad_Reason
P04262,Ad_Reason
P04263,Control
P04264,Ad_Emotion
P04265,Ad_Reason
P04266,Ad_Emotion
P04267,Ad_Reason
P04268,Ad_Emotion
P04269,Ad_Emotion
P04270,Ad_Reason
P04271,Control
P04272,Ad_Emotion
P04273,Control
P04274,Control
P04275,Ad_Reason
P04276,Ad_Reason
P04277,Ad_Reason
P04278,Ad_Emotion
P04279,Ad_Reason
P04280,Ad_Reason
P04281,Ad_Emotion
P04282,Ad_Emotion
P04283,Ad_Reason
P04284,Ad_Reason
P04285,Ad_Reason
P04286,Ad_Reason
P04287,Control
P04288,Control
P04289,Ad_Reason
P04290,Control
P04291,Ad_Emotion
P04292,Control
P04293,Control
P04294,Ad_Reason
P04295,Control
P04296,Control
P04297,Control
P04298,Control
P04299,Ad_Emotion
P04300,Ad_Reason
P04301,Ad_Reason
P04302,Ad_Emotion
P04303,Control
P04304,Ad_Emotion
P04305,Control
P04306,Ad_Emotion
P04307,Ad_Reason
P04308,Ad_Reason
P04309,Ad_Reason
P04310,Control
P04311,Control
P04312,Ad_Emotion
P04313,Ad_Emotion
P04314,Ad_Reason
P04315,Control
P04316,Ad_Emotion
P04317,Control
P04318,Control
P04319,Ad_Reason
P04320,Ad_Reason
P04321,Control
P04322,Control
P04323,Control
P04324,Control
P04325,Ad_Reason
P04326,Ad_Emotion
P04327,Ad_Reason
P04328,Ad_Emotion
P04329,Control
P04330,Ad_Emotion
P04331,Ad_Reason
P04332,Ad_Reason
P04333,Control
P04334,Ad_Reason
P04335,Control
P04336,Ad_Reason
P04337,Ad_Reason
P04338,Control
P04339,Ad_Emotion
P04340,Ad_Reason
P04341,Ad_Emotion
P04342,Ad_Reason
P04343,Ad_Reason
P04344,Ad_Reason
P04345,Ad_Reason
P04346,Ad_Emotion
P04347,Ad_Emotion
P04348,Ad_Reason
P04349,Ad_Reason
P04350,Ad_Emotion
P04351,Control
P04352,Control
P04353,Ad_Emotion
P04354,Ad_Reason
P04355,Ad_Reason
P04356,Control
P04357,Control
P04358,Ad_Emotion
P04359,Control
P04360,Ad_Emotion
P04361,Control
P04362,Control
P04363,Control
P04364,Ad_Reason
P04365,Ad_Reason
P04366,Ad_Reason
P04367,Control
P04368,Ad_Emotion
P04369,Ad_Emotion
P04370,Ad_Emotion
P04371,Ad_Emotion
P04372,Ad_Reason
P04373,Ad_Reason
P04374,Control
P04375,Control
P04376,Ad_Emotion
P04377,Ad_Reason
P04378,Ad_Emotion
P04379,Control
P04380,Control
P04381,Ad_Emotion
P04382,Control
P04383,Ad_Emotion
P04384,Ad_Reason
P04385,Ad_Emotion
P04386,Ad_Reason
P04387,Ad_Reason
P04388,Control
P04389,Control
P04390,Control
P04391,Ad_Emotion
P04392,Ad_Emotion
P04393,Control
P04394,Ad_Emotion
P04395,Control
P04396,Ad_Emotion
P04397,Ad_Reason
P04398,Ad_Reason
P04399,Control
P04400,Ad_Emotion
P04401,Ad_Emotion
P04402,Ad_Reason
P04403,Ad_Reason
P04404,Control
P04405,Ad_Reason
P04406,Control
P04407,Ad_Reason
P04408,Ad_Reason
P04409,Ad_Emotion
P04410,Ad_Reason
P04411,Ad_Reason
P04412,Control
P04413,Ad_Reason
P04414,Control
P04415,Ad_Reason
P04416,Ad_Reason
P04417,Control
P04418,Ad_Emotion
P04419,Control
P04420,Control
P04421,Control
P04422,Ad_Emotion
P04423,Ad_Reason
P04424,Control
P04425,Control
P04426,Ad_Emotion
P04427,Control
P04428,Ad_Reason
P04429,Ad_Emotion
P04430,Ad_Reason
P04431,Ad_Reason
P04432,Ad_Emotion
P04433,Control
P04434,Ad_Reason
P04435,Ad_Reason
P04436,Ad_Reason
P04437,Ad_Reason
P04438,Ad_Emotion
P04439,Ad_Emotion
P04440,Ad_Reason
P04441,Control
P04442,Ad_Reason
P04443,Control
P04444,Ad_Reason
P04445,Control
P04446,Ad_Reason
P04447,Control
P04448,Ad_Reason
P04449,Ad_Reason
P04450,Control
P04451,Ad_Emotion
P04452,Control
P04453,Ad_Emotion
P04454,Ad_Reason
P04455,Control
P04456,Control
P04457,Control
P04458,Ad_Emotion
P04459,Ad_Emotion
P04460,Ad_Reason
P04461,Ad_Emotion
P04462,Ad_Emotion
P04463,Ad_Reason
P04464,Control
P04465,Control
P04466,Ad_Reason
P04467,Control
P04468,Ad_Emotion
P04469,Ad_Reason
P04470,Ad_Reason
P04471,Ad_Reason
P04472,Control
P04473,Ad_Reason
P04474,Ad_Reason
P04475,Ad_Reason
P04476,Control
P04477,Ad_Emotion
P04478,Ad_Reason
P04479,Ad_Emotion
P04480,Control
P04481,Control
P04482,Control
P04483,Control
P04484,Ad_Emotion
P04485,Ad_Reason
P04486,Control
P04487,Control
P04488,Ad_Emotion
P04489,Ad_Emotion
P04490,Control
P04491,Ad_Reason
P04492,Ad_Reason
P04493,Control
P04494,Ad_Emotion
P04495,Control
P04496,Control
P04497,Ad_Emotion
P04498,Control
P04499,Control
P04500,Control
P04501,Ad_Emotion
P04502,Ad_Reason
P04503,Ad_Reason
P04504,Ad_Emotion
P04505,Ad_Reason
P04506,Control
P04507,Ad_Reason
P04508,Control
P04509,Ad_Reason
P04510,Ad_Emotion
P04511,Ad_Reason
P04512,Ad_Reason
P04513,Ad_Reason
P04514,Ad_Emotion
P04515,Ad_Reason
P04516,Ad_Emotion
P04517,Control
P04518,Ad_Reason
P04519,Ad_Emotion
P04520,Ad_Emotion
P04521,Ad_Reason
P04522,Control
P04523,Ad_Emotion
P04524,Ad_Reason
P04525,Control
P04526,Ad_Emotion
P04527,Ad_Emotion
P04528,Control
P04529,Control
P04530,Ad_Reason
P04531,Ad_Reason
P04532,Ad_Emotion
P04533,Control
P04534,Control
P04535,Control
P04536,Ad_Emotion
P04537,Control
P04538,Control
P04539,Ad_Emotion
P04540,Ad_Reason
P04541,Ad_Reason
P04542,Ad_Emotion
P04543,Control
P04544,Ad_Emotion
P04545,Ad_Reason
P04546,Ad_Reason
P04547,Ad_Emotion
P04548,Ad_Emotion
P04549,Ad_Reason
P04550,Ad_Emotion
P04551,Ad_Reason
P04552,Ad_Emotion
P04553,Ad_Emotion
P04554,Ad_Emotion
P04555,Ad_Reason
P04556,Ad_Emotion
P04557,Ad_Reason
P04558,Ad_Reason
P04559,Ad_Emotion
P04560,Ad_Emotion
P04561,Ad_Reason
P04562,Ad_Reason
P04563,Control
P04564,Ad_Reason
P04565,Control
P04566,Control
P04567,Control
P04568,Ad_Emotion
P04569,Ad_Emotion
P04570,Ad_Reason
P04571,Control
P04572,Ad_Emotion
P04573,Ad_Emotion
P04574,Ad_Emotion
P04575,Ad_Emotion
P04576,Ad_Emotion
P04577,Control
P04578,Control
P04579,Control
P04580,Control
P04581,Ad_Reason
P04582,Control
P04583,Ad_Emotion
P04584,Control
P04585,Ad_Reason
P04586,Ad_Emotion
P04587,Control
P04588,Control
P04589,Control
P04590,Ad_Emotion
P04591,Ad_Emotion
P04592,Ad_Reason
P04593,Ad_Emotion
P04594,Ad_Emotion
P04595,Control
P04596,Ad_Emotion
P04597,Control
P04598,Control
P04599,Ad_Emotion
P04600,Ad_Reason
P04601,Ad_Reason
P04602,Ad_Emotion
P04603,Ad_Reason
P04604,Control
P04605,Control
P04606,Ad_Emotion
P04607,Ad_Reason
P04608,Ad_Reason
P04609,Control
P04610,Ad_Emotion
P04611,Ad_Reason
P04612,Ad_Emotion
P04613,Ad_Reason
P04614,Control
P04615,Control
P04616,Ad_Emotion
P04617,Control
P04618,Ad_Reason
P04619,Control
P04620,Ad_Emotion
P04621,Ad_Emotion
P04622,Ad_Emotion
P04623,Ad_Reason
P04624,Ad_Reason
P04625,Ad_Reason
P04626,Ad_Reason
P04627,Ad_Reason
P04628,Control
P04629,Ad_Reason
P04630,Ad_Reason
P04631,Control
P04632,Ad_Reason
P04633,Ad_Emotion
P04634,Ad_Reason
P04635,Ad_Reason
P04636,Ad_Emotion
P04637,Ad_Emotion
P04638,Ad_Emotion
P04639,Ad_Emotion
P04640,Ad_Reason
P04641,Ad_Emotion
P04642,Ad_Emotion
P04643,Control
P04644,Ad_Emotion
P04645,Ad_Emotion
P04646,Control
P04647,Control
P04648,Ad_Reason
P04649,Control
P04650,Ad_Reason
P04651,Control
P04652,Control
P04653,Ad_Reason
P04654,Control
P04655,Ad_Reason
P04656,Control
P04657,Ad_Emotion
P04658,Control
P04659,Ad_Reason
P04660,Control
P04661,Ad_Reason
P04662,Ad_Reason
P04663,Ad_Emotion
P04664,Ad_Emotion
P04665,Ad_Reason
P04666,Control
P04667,Ad_Reason
P04668,Ad_Reason
P04669,Control
P04670,Control
P04671,Control
P04672,Control
P04673,Ad_Reason
P04674,Ad_Reason
P04675,Ad_Emotion
P04676,Ad_Reason
P04677,Control
P04678,Ad_Emotion
P04679,Control
P04680,Ad_Reason
P04681,Ad_Emotion
P04682,Control
P04683,Ad_Emotion
P04684,Ad_Emotion
P04685,Ad_Reason
P04686,Control
P04687,Ad_Emotion
P04688,Ad_Emotion
P04689,Control
P04690,Ad_Emotion
P04691,Ad_Emotion
P04692,Ad_Emotion
P04693,Control
P04694,Control
P04695,Control
P04696,Control
P04697,Ad_Reason
P04698,Ad_Emotion
P04699,Control
P04700,Ad_Emotion
P04701,Ad_Emotion
P04702,Ad_Reason
P04703,Control
P04704,Control
P04705,Ad_Emotion
P04706,Control
P04707,Ad_Emotion
P04708,Ad_Emotion
P04709,Ad_Reason
P04710,Ad_Reason
P04711,Ad_Reason
P04712,Ad_Emotion
P04713,Control
P04714,Ad_Reason
P04715,Control
P04716,Ad_Reason
P04717,Ad_Reason
P04718,Ad_Emotion
P04719,Ad_Reason
P04720,Ad_Reason
P04721,Ad_Emotion
P04722,Control
P04723,Ad_Reason
P04724,Ad_Emotion
P04725,Ad_Reason
P04726,Ad_Emotion
P04727,Control
P04728,Control
P04729,Ad_Emotion
P04730,Ad_Emotion
P04731,Ad_Emotion
P04732,Control
P04733,Ad_Reason
P04734,Control
P04735,Ad_Emotion
P04736,Ad_Emotion
P04737,Control
P04738,Ad_Emotion
P04739,Control
P04740,Ad_Emotion
P04741,Ad_Reason
P04742,Ad_Reason
P04743,Ad_Emotion
P04744,Control
P04745,Ad_Reason
P04746,Control
P04747,Ad_Emotion
P04748,Control
P04749,Ad_Reason
P04750,Control
P04751,Control
P04752,Ad_Emotion
P04753,Ad_Emotion
P04754,Ad_Emotion
P04755,Ad_Reason
P04756,Ad_Reason
P04757,Ad_Emotion
P04758,Ad_Emotion
P04759,Ad_Reason
P04760,Ad_Reason
P04761,Ad_Reason
P04762,Ad_Reason
P04763,Ad_Emotion
P04764,Ad_Reason
P04765,Ad_Emotion
P04766,Control
P04767,Control
P04768,Ad_Reason
P04769,Control
P04770,Control
P04771,Control
P04772,Ad_Reason
P04773,Ad_Reason
P04774,Control
P04775,Ad_Emotion
P04776,Control
P04777,Ad_Reason
P04778,Ad_Reason
P04779,Ad_Reason
P04780,Control
P04781,Ad_Emotion
P04782,Ad_Reason
P04783,Ad_Reason
P04784,Control
P04785,Ad_Emotion
P04786,Control
P04787,Ad_Reason
P04788,Ad_Emotion
P04789,Ad_Emotion
P04790,Ad_Reason
P04791,Ad_Emotion
P04792,Ad_Emotion
P04793,Control
P04794,Ad_Reason
P04795,Ad_Reason
P04796,Ad_Reason
P04797,Ad_Reason
P04798,Ad_Reason
P04799,Ad_Emotion
P04800,Control
P04801,Ad_Reason
P04802,Control
P04803,Control
P04804,Ad_Emotion
P04805,Ad_Reason
P04806,Ad_Emotion
P04807,Ad_Reason
P04808,Ad_Emotion
P04809,Control
P04810,Ad_Reason
P04811,Control
P04812,Control
P04813,Ad_Emotion
P04814,Ad_Reason
P04815,Control
P04816,Ad_Emotion
P04817,Ad_Reason
P04818,Ad_Reason
P04819,Control
P04820,Ad_Reason
P04821,Control
P04822,Ad_Reason
P04823,Ad_Emotion
P04824,Control
P04825,Control
P04826,Ad_Reason
P04827,Ad_Reason
P04828,Control
P04829,Ad_Reason
P04830,Ad_Emotion
P04831,Ad_Reason
P04832,Ad_Emotion
P04833,Ad_Emotion
P04834,Ad_Emotion
P04835,Ad_Emotion
P04836,Ad_Emotion
P04837,Ad_Reason
P04838,Ad_Emotion
P04839,Ad_Reason
P04840,Ad_Emotion
P04841,Control
P04842,Ad_Emotion
P04843,Control
P04844,Ad_Emotion
P04845,Ad_Emotion
P04846,Ad_Emotion
P04847,Control
P04848,Control
P04849,Ad_Emotion
P04850,Ad_Reason
P04851,Ad_Emotion
P04852,Control
P04853,Ad_Emotion
P04854,Control
P04855,Control
P04856,Control
P04857,Ad_Emotion
P04858,Control
P04859,Control
P04860,Ad_Emotion
P04861,Control
P04862,Ad_Emotion
P04863,Control
P04864,Ad_Reason
P04865,Ad_Reason
P04866,Control
P04867,Ad_Reason
P04868,Ad_Emotion
P04869,Ad_Reason
P04870,Control
P04871,Control
P04872,Ad_Emotion
P04873,Control
P04874,Ad_Emotion
P04875,Ad_Reason
P04876,Ad_Reason
P04877,Ad_Emotion
P04878,Ad_Emotion
P04879,Control
P04880,Ad_Reason
P04881,Ad_Emotion
P04882,Ad_Reason
P04883,Ad_Emotion
P04884,Ad_Reason
P04885,Control
P04886,Ad_Reason
P04887,Ad_Reason
P04888,Ad_Reason
P04889,Ad_Reason
P04890,Ad_Reason
P04891,Control
P04892,Ad_Emotion
P04893,Ad_Reason
P04894,Control
P04895,Ad_Reason
P04896,Ad_Reason
P04897,Ad_Emotion
P04898,Ad_Reason
P04899,Control
P04900,Control
P04901,Ad_Emotion
P04902,Ad_Reason
P04903,Control
P04904,Ad_Reason
P04905,Ad_Reason
P04906,Ad_Reason
P04907,Ad_Emotion
P04908,Ad_Reason
P04909,Control
P04910,Ad_Reason
P04911,Control
P04912,Ad_Reason
P04913,Control
P04914,Control
P04915,Ad_Reason
P04916,Ad_Reason
P04917,Control
P04918,Ad_Emotion
P04919,Ad_Reason
P04920,Ad_Emotion
P04921,Ad_Reason
P04922,Ad_Reason
P04923,Ad_Reason
P04924,Ad_Reason
P04925,Ad_Emotion
P04926,Ad_Reason
P04927,Control
P04928,Control
P04929,Ad_Emotion
P04930,Ad_Reason
P04931,Control
P04932,Ad_Emotion
P04933,Ad_Reason
P04934,Control
P04935,Control
P04936,Ad_Emotion
P04937,Ad_Reason
P04938,Ad_Reason
P04939,Control
P04940,Control
P04941,Control
P04942,Ad_Reason
P04943,Ad_Emotion
P04944,Ad_Emotion
P04945,Ad_Reason
P04946,Ad_Emotion
P04947,Control
P04948,Ad_Emotion
P04949,Ad_Emotion
P04950,Ad_Emotion
P04951,Control
P04952,Ad_Reason
P04953,Control
P04954,Ad_Reason
P04955,Ad_Reason
P04956,Ad_Reason
P04957,Ad_Emotion
P04958,Ad_Emotion
P04959,Ad_Reason
P04960,Ad_Reason
P04961,Ad_Emotion
P04962,Control
P04963,Ad_Reason
P04964,Control
P04965,Ad_Emotion
P04966,Ad_Reason
P04967,Control
P04968,Control
P04969,Control
P04970,Ad_Emotion
P04971,Ad_Emotion
P04972,Control
P04973,Control
P04974,Ad_Emotion
P04975,Control
P04976,Control
P04977,Ad_Emotion
P04978,Control
P04979,Control
P04980,Control
P04981,Ad_Emotion
P04982,Control
P04983,Ad_Emotion
P04984,Ad_Emotion
P04985,Ad_Reason
P04986,Ad_Reason
P04987,Control
P04988,Ad_Emotion
P04989,Ad_Reason
P04990,Control
P04991,Ad_Reason
P04992,Ad_Reason
P04993,Ad_Emotion
P04994,Ad_Emotion
P04995,Ad_Reason
P04996,Ad_Reason
P04997,Ad_Emotion
P04998,Control
P04999,Ad_Emotion
P05000,Ad_Reason
